<?xml version = '1.0' encoding = 'UTF-8'?>
<Diagram class="oracle.dbtools.crest.swingui.relational.DPVRelational" name="Relational_1" id="9355926B-A9AC-6109-5A94-ED0FB2E880B7">
<createdBy>tric0003</createdBy>
<modifiedBy>tric0003</modifiedBy>
<createdTime>2016-10-19 10:39:09 UTC</createdTime>
<autoRoute>false</autoRoute>
<boxInbox>true</boxInbox>
<showLegend>false</showLegend>
<showLabels>false</showLabels>
<showRelAttributes>false</showRelAttributes>
<gridEnabled>false</gridEnabled>
<showGrid>false</showGrid>
<diagramColor>-1</diagramColor>
<display>false</display>
<notation>1</notation>
<objectViews>
<OView class="oracle.dbtools.crest.swingui.relational.TVTable" oid="044CB4D2-CEC9-4A23-9B4E-F9B213CD8239" otype="Table" vid="DD404DD5-60A0-8631-9BFA-4A5F20A7A5DA">
<hideElementsInCurrentOnly>false</hideElementsInCurrentOnly>
<bounds x="1144" y="30" width="162" height="164"/>
</OView>
<OView class="oracle.dbtools.crest.swingui.relational.TVTable" oid="36A75DD6-88F6-226C-741B-D104FF3068BD" otype="Table" vid="D6A6D21B-9F1F-3DBF-E2FE-67E64BB192CE">
<hideElementsInCurrentOnly>false</hideElementsInCurrentOnly>
<bounds x="313" y="552" width="157" height="170"/>
</OView>
<OView class="oracle.dbtools.crest.swingui.relational.TVTable" oid="39008AA4-C196-3AAA-77AB-16E5953A17F1" otype="Table" vid="39A2E460-58C8-CCAC-1C67-EC435F5489CC">
<hideElementsInCurrentOnly>false</hideElementsInCurrentOnly>
<bounds x="310" y="41" width="152" height="159"/>
</OView>
<OView class="oracle.dbtools.crest.swingui.relational.TVTable" oid="3DA942C0-45E8-FEA1-1E15-BDCF2559171C" otype="Table" vid="06384707-6972-03F7-3674-C03537AABFE9">
<hideElementsInCurrentOnly>false</hideElementsInCurrentOnly>
<bounds x="307" y="352" width="144" height="131"/>
</OView>
<OView class="oracle.dbtools.crest.swingui.relational.TVTable" oid="68D18B8D-AA5D-0C1B-8DDF-AF3A7C6C0CEE" otype="Table" vid="E0A6D2EA-65E0-8307-DF19-74E03C147BE6">
<hideElementsInCurrentOnly>false</hideElementsInCurrentOnly>
<bounds x="270" y="1225" width="222" height="167"/>
</OView>
<OView class="oracle.dbtools.crest.swingui.relational.TVTable" oid="71116E5A-0C6A-C7DE-B506-AF74DE64DFEF" otype="Table" vid="C4813EF9-44CF-21AB-0BF0-509D019C1659">
<hideElementsInCurrentOnly>false</hideElementsInCurrentOnly>
<bounds x="307" y="908" width="176" height="164"/>
</OView>
<OView class="oracle.dbtools.crest.swingui.relational.TVTable" oid="76C2D86D-E8CD-3A38-E141-86AD78E176EE" otype="Table" vid="2E327B7B-E23F-A618-4A02-CBEC1C5F06EA">
<hideElementsInCurrentOnly>false</hideElementsInCurrentOnly>
<bounds x="1710" y="416" width="194" height="181"/>
</OView>
<OView class="oracle.dbtools.crest.swingui.relational.TVTable" oid="7A72704E-1C36-0635-79D6-EE26853606B1" otype="Table" vid="03E2344D-6C20-06EB-F12B-700F1261B83A">
<hideElementsInCurrentOnly>false</hideElementsInCurrentOnly>
<bounds x="1714" y="926" width="139" height="163"/>
</OView>
<OView class="oracle.dbtools.crest.swingui.relational.TVTable" oid="A066EC01-8BA3-6624-9E2E-C6914D898139" otype="Table" vid="306B15A2-0747-8A88-003C-8594145816ED">
<hideElementsInCurrentOnly>false</hideElementsInCurrentOnly>
<bounds x="744" y="32" width="120" height="150"/>
</OView>
<OView class="oracle.dbtools.crest.swingui.relational.TVTable" oid="B2EE9FD9-EB03-011B-BE61-E5488FC07477" otype="Table" vid="7DD9DA8A-F92C-DC6C-D5DC-0A102B52D19D">
<hideElementsInCurrentOnly>false</hideElementsInCurrentOnly>
<bounds x="1707" y="34" width="188" height="138"/>
</OView>
<OView class="oracle.dbtools.crest.swingui.relational.TVTable" oid="C195D810-DBD6-9681-E821-82BF05E6B78D" otype="Table" vid="23AFE94F-6B13-20C9-F87A-DEEC3D05C0BD">
<hideElementsInCurrentOnly>false</hideElementsInCurrentOnly>
<bounds x="686" y="553" width="191" height="182"/>
</OView>
<OView class="oracle.dbtools.crest.swingui.relational.TVTable" oid="D12A3CD9-AC4F-99D9-6786-B5EDA082B23E" otype="Table" vid="92758CB2-6F52-F476-BC76-BA59D9F4C51B">
<hideElementsInCurrentOnly>false</hideElementsInCurrentOnly>
<bounds x="1145" y="924" width="175" height="180"/>
</OView>
<OView class="oracle.dbtools.crest.swingui.relational.TVTable" oid="EA468ED0-1E9C-2EB1-B1E4-9D6B0B4BF7A0" otype="Table" vid="68803F17-D646-8119-5CDA-5C312EB4728F">
<hideElementsInCurrentOnly>false</hideElementsInCurrentOnly>
<bounds x="1158" y="410" width="149" height="176"/>
</OView>
</objectViews>
<connectors>
<Connector class="oracle.dbtools.crest.swingui.relational.TVFKRelation" oid="0DB71EE0-95F2-37DC-827B-0B56971F7C64" otype="FKIndexAssociation" vid_source="68803F17-D646-8119-5CDA-5C312EB4728F" vid_target="68803F17-D646-8119-5CDA-5C312EB4728F">
<hideElementsInCurrentOnly>false</hideElementsInCurrentOnly>
<lineWidth>1</lineWidth>
<points>
<point x="1307" y="452"/>
<point x="1407" y="452"/>
<point x="1405" y="321"/>
<point x="1220" y="321"/>
<point x="1220" y="410"/>
</points>
</Connector>
<Connector class="oracle.dbtools.crest.swingui.relational.TVFKRelation" oid="17F4C625-5654-15D8-174F-89050409E3A7" otype="FKIndexAssociation" vid_source="68803F17-D646-8119-5CDA-5C312EB4728F" vid_target="06384707-6972-03F7-3674-C03537AABFE9">
<hideElementsInCurrentOnly>false</hideElementsInCurrentOnly>
<lineWidth>1</lineWidth>
<points>
<point x="1158" y="446"/>
<point x="451" y="446"/>
</points>
</Connector>
<Connector class="oracle.dbtools.crest.swingui.relational.TVFKRelation" oid="1C0ECC63-2D93-6A48-7EFD-40AF9B310120" otype="FKIndexAssociation" vid_source="23AFE94F-6B13-20C9-F87A-DEEC3D05C0BD" vid_target="68803F17-D646-8119-5CDA-5C312EB4728F">
<hideElementsInCurrentOnly>false</hideElementsInCurrentOnly>
<lineWidth>1</lineWidth>
<points>
<point x="877" y="569"/>
<point x="1158" y="569"/>
</points>
</Connector>
<Connector class="oracle.dbtools.crest.swingui.relational.TVFKRelation" oid="79492F3D-9A60-C743-F4E5-8B216EAC12E2" otype="FKIndexAssociation" vid_source="DD404DD5-60A0-8631-9BFA-4A5F20A7A5DA" vid_target="306B15A2-0747-8A88-003C-8594145816ED">
<hideElementsInCurrentOnly>false</hideElementsInCurrentOnly>
<lineWidth>1</lineWidth>
<points>
<point x="1144" y="107"/>
<point x="864" y="107"/>
</points>
</Connector>
<Connector class="oracle.dbtools.crest.swingui.relational.TVFKRelation" oid="79827BFB-7A17-3B5C-710B-232293DDFA02" otype="FKIndexAssociation" vid_source="03E2344D-6C20-06EB-F12B-700F1261B83A" vid_target="92758CB2-6F52-F476-BC76-BA59D9F4C51B">
<hideElementsInCurrentOnly>false</hideElementsInCurrentOnly>
<lineWidth>1</lineWidth>
<points>
<point x="1714" y="1007"/>
<point x="1320" y="1007"/>
</points>
</Connector>
<Connector class="oracle.dbtools.crest.swingui.relational.TVFKRelation" oid="98724B84-DBFF-9353-FAA0-78E851B8D040" otype="FKIndexAssociation" vid_source="68803F17-D646-8119-5CDA-5C312EB4728F" vid_target="2E327B7B-E23F-A618-4A02-CBEC1C5F06EA">
<hideElementsInCurrentOnly>false</hideElementsInCurrentOnly>
<lineWidth>1</lineWidth>
<points>
<point x="1307" y="501"/>
<point x="1710" y="501"/>
</points>
</Connector>
<Connector class="oracle.dbtools.crest.swingui.relational.TVFKRelation" oid="A6C58829-9A26-CC5A-C87C-6DBDFBBC3DA4" otype="FKIndexAssociation" vid_source="C4813EF9-44CF-21AB-0BF0-509D019C1659" vid_target="D6A6D21B-9F1F-3DBF-E2FE-67E64BB192CE">
<hideElementsInCurrentOnly>false</hideElementsInCurrentOnly>
<lineWidth>1</lineWidth>
<points>
<point x="391" y="908"/>
<point x="391" y="722"/>
</points>
</Connector>
<Connector class="oracle.dbtools.crest.swingui.relational.TVFKRelation" oid="AAAEAAF4-5F23-C75C-9F18-A8A9C0AFA6BF" otype="FKIndexAssociation" vid_source="DD404DD5-60A0-8631-9BFA-4A5F20A7A5DA" vid_target="68803F17-D646-8119-5CDA-5C312EB4728F">
<hideElementsInCurrentOnly>false</hideElementsInCurrentOnly>
<lineWidth>1</lineWidth>
<points>
<point x="1169" y="194"/>
<point x="1169" y="410"/>
</points>
</Connector>
<Connector class="oracle.dbtools.crest.swingui.relational.TVFKRelation" oid="B4253AD3-7094-D654-6124-0291AB020BD3" otype="FKIndexAssociation" vid_source="23AFE94F-6B13-20C9-F87A-DEEC3D05C0BD" vid_target="D6A6D21B-9F1F-3DBF-E2FE-67E64BB192CE">
<hideElementsInCurrentOnly>false</hideElementsInCurrentOnly>
<lineWidth>1</lineWidth>
<points>
<point x="686" y="637"/>
<point x="470" y="637"/>
</points>
</Connector>
<Connector class="oracle.dbtools.crest.swingui.relational.TVFKRelation" oid="B50818A3-A422-42D9-FD06-F46C244421F0" otype="FKIndexAssociation" vid_source="92758CB2-6F52-F476-BC76-BA59D9F4C51B" vid_target="68803F17-D646-8119-5CDA-5C312EB4728F">
<hideElementsInCurrentOnly>false</hideElementsInCurrentOnly>
<lineWidth>1</lineWidth>
<points>
<point x="1232" y="924"/>
<point x="1232" y="586"/>
</points>
</Connector>
<Connector class="oracle.dbtools.crest.swingui.relational.TVFKRelation" oid="BDF289B8-063A-2E9B-6356-2BCD068CC872" otype="FKIndexAssociation" vid_source="7DD9DA8A-F92C-DC6C-D5DC-0A102B52D19D" vid_target="DD404DD5-60A0-8631-9BFA-4A5F20A7A5DA">
<hideElementsInCurrentOnly>false</hideElementsInCurrentOnly>
<lineWidth>1</lineWidth>
<points>
<point x="1707" y="103"/>
<point x="1306" y="103"/>
</points>
</Connector>
<Connector class="oracle.dbtools.crest.swingui.relational.TVFKRelation" oid="CBC00ACB-AC4D-8CF0-8CD2-349960A12A45" otype="FKIndexAssociation" vid_source="39A2E460-58C8-CCAC-1C67-EC435F5489CC" vid_target="306B15A2-0747-8A88-003C-8594145816ED">
<hideElementsInCurrentOnly>false</hideElementsInCurrentOnly>
<lineWidth>1</lineWidth>
<points>
<point x="462" y="111"/>
<point x="744" y="111"/>
</points>
</Connector>
<Connector class="oracle.dbtools.crest.swingui.relational.TVFKRelation" oid="F8143E65-83FF-D5ED-0C5D-1732CD98D3FB" otype="FKIndexAssociation" vid_source="39A2E460-58C8-CCAC-1C67-EC435F5489CC" vid_target="06384707-6972-03F7-3674-C03537AABFE9">
<hideElementsInCurrentOnly>false</hideElementsInCurrentOnly>
<lineWidth>1</lineWidth>
<points>
<point x="380" y="200"/>
<point x="380" y="352"/>
</points>
</Connector>
</connectors>
</Diagram>