<?xml version = '1.0' encoding = 'UTF-8'?>
<Diagram class="oracle.dbtools.crest.swingui.logical.DPVLogical" name="Logical" id="F619CD22-D4BD-DB3E-9B89-7518DCB13F1A">
<createdBy>tric0003</createdBy>
<modifiedBy>tric0003</modifiedBy>
<createdTime>2016-10-19 10:38:05 UTC</createdTime>
<autoRoute>false</autoRoute>
<boxInbox>true</boxInbox>
<showLegend>false</showLegend>
<showLabels>true</showLabels>
<showRelAttributes>false</showRelAttributes>
<gridEnabled>false</gridEnabled>
<showGrid>false</showGrid>
<diagramColor>-1</diagramColor>
<display>false</display>
<notation>2</notation>
<showAllDetails>false</showAllDetails>
<showElements>true</showElements>
<objectViews>
<OView class="oracle.dbtools.crest.swingui.logical.TVEntity" oid="21A7C165-8599-D31C-BD0D-2CE16FDF90D7" otype="Entity" vid="6AF8A3D3-1CB3-BD21-00D1-DE9AD39089FC">
<hideElementsInCurrentOnly>false</hideElementsInCurrentOnly>
<bounds x="1707" y="34" width="188" height="138"/>
</OView>
<OView class="oracle.dbtools.crest.swingui.logical.TVEntity" oid="2871F80A-690B-0798-9EE0-38EAF77EA897" otype="Entity" vid="56D52974-01C6-F6E4-4776-FBCD3F51370C">
<hideElementsInCurrentOnly>false</hideElementsInCurrentOnly>
<bounds x="1714" y="926" width="139" height="163"/>
</OView>
<OView class="oracle.dbtools.crest.swingui.logical.TVEntity" oid="2E36C946-B3F7-B55B-2BA6-B81D9FF68355" otype="Entity" vid="BD20B0BF-75D6-C554-B8C3-027436027F43">
<hideElementsInCurrentOnly>false</hideElementsInCurrentOnly>
<bounds x="307" y="352" width="144" height="131"/>
</OView>
<OView class="oracle.dbtools.crest.swingui.logical.TVEntity" oid="51EBA143-51FA-2482-8907-6C1A1B3A4271" otype="Entity" vid="7ACC49F3-727C-E7AA-C641-DF986C25F4EC">
<hideElementsInCurrentOnly>false</hideElementsInCurrentOnly>
<bounds x="1158" y="410" width="149" height="176"/>
</OView>
<OView class="oracle.dbtools.crest.swingui.logical.TVEntity" oid="5AB2FEF3-9791-1A21-DF5D-4D9D6A5FFD93" otype="Entity" vid="D3A7D64D-EE81-2203-1E99-BE4332FC58C1">
<hideElementsInCurrentOnly>false</hideElementsInCurrentOnly>
<bounds x="310" y="41" width="152" height="159"/>
</OView>
<OView class="oracle.dbtools.crest.swingui.logical.TVEntity" oid="5C83118B-FB1D-B18E-400E-A27063635E51" otype="Entity" vid="4708F9E4-7844-2172-0C9A-0B60E1031531">
<hideElementsInCurrentOnly>false</hideElementsInCurrentOnly>
<bounds x="307" y="908" width="176" height="164"/>
</OView>
<OView class="oracle.dbtools.crest.swingui.logical.TVEntity" oid="8130CC7B-6A3D-85A7-8ED5-D29242F517CA" otype="Entity" vid="AD0408B9-CDE0-8F00-55A7-05955822E18D">
<hideElementsInCurrentOnly>false</hideElementsInCurrentOnly>
<bounds x="313" y="552" width="157" height="170"/>
</OView>
<OView class="oracle.dbtools.crest.swingui.logical.TVEntity" oid="B31EF3D0-9CAB-5002-0AAF-845CFB02CD7B" otype="Entity" vid="CD33C8B0-2D14-1203-BA5C-75DD803F7F90">
<hideElementsInCurrentOnly>false</hideElementsInCurrentOnly>
<bounds x="744" y="32" width="120" height="150"/>
</OView>
<OView class="oracle.dbtools.crest.swingui.logical.TVEntity" oid="B3904DCC-2A92-CEF6-09D0-1E5945931205" otype="Entity" vid="F536E6C0-2BF5-C83C-9B54-F83EA3B1D12E">
<hideElementsInCurrentOnly>false</hideElementsInCurrentOnly>
<bounds x="1144" y="30" width="162" height="164"/>
</OView>
<OView class="oracle.dbtools.crest.swingui.logical.TVEntity" oid="E7CC1B43-190D-CB6F-B80D-CE6E25C75A0A" otype="Entity" vid="2E4FA087-20F5-5CAA-A610-0D4FE03DF1E1">
<hideElementsInCurrentOnly>false</hideElementsInCurrentOnly>
<bounds x="270" y="1225" width="222" height="167"/>
</OView>
<OView class="oracle.dbtools.crest.swingui.logical.TVEntity" oid="F1266031-4B22-A8E3-D854-70AE1763B10F" otype="Entity" vid="745CF413-4909-11F6-71D0-B2D87A913904">
<hideElementsInCurrentOnly>false</hideElementsInCurrentOnly>
<bounds x="1145" y="924" width="175" height="180"/>
</OView>
<OView class="oracle.dbtools.crest.swingui.logical.TVEntity" oid="F3253686-8649-3881-4FEE-3BB92AC3983B" otype="Entity" vid="163E7F04-13CC-8A05-4E8F-845336DCF01B">
<hideElementsInCurrentOnly>false</hideElementsInCurrentOnly>
<bounds x="686" y="553" width="191" height="182"/>
</OView>
<OView class="oracle.dbtools.crest.swingui.logical.TVEntity" oid="FBF3BB38-64C9-E83E-BE06-3F8C25D26F84" otype="Entity" vid="6E281FB6-0154-C332-D0D2-97FD22C18AE8">
<hideElementsInCurrentOnly>false</hideElementsInCurrentOnly>
<bounds x="1710" y="416" width="194" height="181"/>
</OView>
</objectViews>
<connectors>
<Connector class="oracle.dbtools.crest.swingui.logical.TVRelation" oid="008B5BEF-8683-1289-5849-AE072E639AAA" otype="Relation" vid_source="6AF8A3D3-1CB3-BD21-00D1-DE9AD39089FC" vid_target="F536E6C0-2BF5-C83C-9B54-F83EA3B1D12E">
<hideElementsInCurrentOnly>false</hideElementsInCurrentOnly>
<lineWidth>1</lineWidth>
<sourceLabel class="oracle.dbtools.crest.model.design.Label">
<site>0</site>
<labelBounds x="1606" y="106" width="45" height="20"/>
<fonts itemClass="oracle.dbtools.crest.model.design.FontObjectWr">
<FontObject>
<foType>Text</foType>
<colorRGB>-16777216</colorRGB>
</FontObject>
</fonts>
</sourceLabel>
<targetLabel class="oracle.dbtools.crest.model.design.Label">
<site>2</site>
<labelBounds x="1395" y="106" width="26" height="20"/>
<fonts itemClass="oracle.dbtools.crest.model.design.FontObjectWr">
<FontObject>
<foType>Text</foType>
<colorRGB>-16777216</colorRGB>
</FontObject>
</fonts>
</targetLabel>
<points>
<point x="1707" y="103"/>
<point x="1306" y="103"/>
</points>
</Connector>
<Connector class="oracle.dbtools.crest.swingui.logical.TVRelation" oid="15FB0A12-2D5A-40EE-8689-C1B0AB08C998" otype="Relation" vid_source="F536E6C0-2BF5-C83C-9B54-F83EA3B1D12E" vid_target="7ACC49F3-727C-E7AA-C641-DF986C25F4EC">
<hideElementsInCurrentOnly>false</hideElementsInCurrentOnly>
<lineWidth>1</lineWidth>
<sourceLabel class="oracle.dbtools.crest.model.design.Label">
<site>0</site>
<labelBounds x="1172" y="236" width="59" height="20"/>
<fonts itemClass="oracle.dbtools.crest.model.design.FontObjectWr">
<FontObject>
<foType>Text</foType>
<colorRGB>-16777216</colorRGB>
</FontObject>
</fonts>
</sourceLabel>
<targetLabel class="oracle.dbtools.crest.model.design.Label">
<site>2</site>
<labelBounds x="1172" y="356" width="26" height="20"/>
<fonts itemClass="oracle.dbtools.crest.model.design.FontObjectWr">
<FontObject>
<foType>Text</foType>
<colorRGB>-16777216</colorRGB>
</FontObject>
</fonts>
</targetLabel>
<points>
<point x="1169" y="194"/>
<point x="1169" y="410"/>
</points>
</Connector>
<Connector class="oracle.dbtools.crest.swingui.logical.TVRelation" oid="2E26DF2F-EBF4-BA20-B70F-8D83BBFD567E" otype="Relation" vid_source="7ACC49F3-727C-E7AA-C641-DF986C25F4EC" vid_target="7ACC49F3-727C-E7AA-C641-DF986C25F4EC">
<hideElementsInCurrentOnly>false</hideElementsInCurrentOnly>
<lineWidth>1</lineWidth>
<sourceLabel class="oracle.dbtools.crest.model.design.Label">
<site>0</site>
<labelBounds x="1320" y="455" width="42" height="20"/>
<fonts itemClass="oracle.dbtools.crest.model.design.FontObjectWr">
<FontObject>
<foType>Text</foType>
<colorRGB>-16777216</colorRGB>
</FontObject>
</fonts>
</sourceLabel>
<targetLabel class="oracle.dbtools.crest.model.design.Label">
<site>2</site>
<labelBounds x="1220" y="391" width="82" height="35"/>
<fonts itemClass="oracle.dbtools.crest.model.design.FontObjectWr">
<FontObject>
<foType>Text</foType>
<colorRGB>-16777216</colorRGB>
</FontObject>
</fonts>
</targetLabel>
<points>
<point x="1307" y="452"/>
<point x="1407" y="452"/>
<point x="1405" y="321"/>
<point x="1220" y="321"/>
<point x="1220" y="410"/>
</points>
</Connector>
<Connector class="oracle.dbtools.crest.swingui.logical.TVRelation" oid="3091E8C2-9681-4F99-DFB6-180757EFE6EB" otype="Relation" vid_source="7ACC49F3-727C-E7AA-C641-DF986C25F4EC" vid_target="6E281FB6-0154-C332-D0D2-97FD22C18AE8">
<hideElementsInCurrentOnly>false</hideElementsInCurrentOnly>
<lineWidth>1</lineWidth>
<sourceLabel class="oracle.dbtools.crest.model.design.Label">
<site>0</site>
<labelBounds x="1396" y="504" width="56" height="23"/>
<fonts itemClass="oracle.dbtools.crest.model.design.FontObjectWr">
<FontObject>
<foType>Text</foType>
<colorRGB>-16777216</colorRGB>
</FontObject>
</fonts>
</sourceLabel>
<targetLabel class="oracle.dbtools.crest.model.design.Label">
<site>2</site>
<labelBounds x="1609" y="504" width="32" height="20"/>
<fonts itemClass="oracle.dbtools.crest.model.design.FontObjectWr">
<FontObject>
<foType>Text</foType>
<colorRGB>-16777216</colorRGB>
</FontObject>
</fonts>
</targetLabel>
<points>
<point x="1307" y="501"/>
<point x="1710" y="501"/>
</points>
</Connector>
<Connector class="oracle.dbtools.crest.swingui.logical.TVRelation" oid="433D3B09-8C64-45FF-F48D-BC1D9A3417E9" otype="Relation" vid_source="745CF413-4909-11F6-71D0-B2D87A913904" vid_target="7ACC49F3-727C-E7AA-C641-DF986C25F4EC">
<hideElementsInCurrentOnly>false</hideElementsInCurrentOnly>
<lineWidth>1</lineWidth>
<sourceLabel class="oracle.dbtools.crest.model.design.Label">
<site>0</site>
<labelBounds x="1235" y="839" width="26" height="20"/>
<fonts itemClass="oracle.dbtools.crest.model.design.FontObjectWr">
<FontObject>
<foType>Text</foType>
<colorRGB>-16777216</colorRGB>
</FontObject>
</fonts>
</sourceLabel>
<targetLabel class="oracle.dbtools.crest.model.design.Label">
<site>2</site>
<labelBounds x="1235" y="659" width="32" height="20"/>
<fonts itemClass="oracle.dbtools.crest.model.design.FontObjectWr">
<FontObject>
<foType>Text</foType>
<colorRGB>-16777216</colorRGB>
</FontObject>
</fonts>
</targetLabel>
<points>
<point x="1232" y="924"/>
<point x="1232" y="586"/>
</points>
</Connector>
<Connector class="oracle.dbtools.crest.swingui.logical.TVRelation" oid="4D505CE8-BF2D-CD5C-10A2-84636BA0AB21" otype="Relation" vid_source="163E7F04-13CC-8A05-4E8F-845336DCF01B" vid_target="7ACC49F3-727C-E7AA-C641-DF986C25F4EC">
<hideElementsInCurrentOnly>false</hideElementsInCurrentOnly>
<lineWidth>1</lineWidth>
<sourceLabel class="oracle.dbtools.crest.model.design.Label">
<site>0</site>
<labelBounds x="936" y="572" width="66" height="20"/>
<fonts itemClass="oracle.dbtools.crest.model.design.FontObjectWr">
<FontObject>
<foType>Text</foType>
<colorRGB>-16777216</colorRGB>
</FontObject>
</fonts>
</sourceLabel>
<targetLabel class="oracle.dbtools.crest.model.design.Label">
<site>2</site>
<labelBounds x="1087" y="572" width="70" height="20"/>
<fonts itemClass="oracle.dbtools.crest.model.design.FontObjectWr">
<FontObject>
<foType>Text</foType>
<colorRGB>-16777216</colorRGB>
</FontObject>
</fonts>
</targetLabel>
<points>
<point x="877" y="569"/>
<point x="1158" y="569"/>
</points>
</Connector>
<Connector class="oracle.dbtools.crest.swingui.logical.TVRelation" oid="560CEDF1-E16C-1AFE-3CF5-4418C7AAFDB1" otype="Relation" vid_source="163E7F04-13CC-8A05-4E8F-845336DCF01B" vid_target="AD0408B9-CDE0-8F00-55A7-05955822E18D">
<hideElementsInCurrentOnly>false</hideElementsInCurrentOnly>
<lineWidth>1</lineWidth>
<sourceLabel class="oracle.dbtools.crest.model.design.Label">
<site>0</site>
<labelBounds x="632" y="640" width="26" height="25"/>
<fonts itemClass="oracle.dbtools.crest.model.design.FontObjectWr">
<FontObject>
<foType>Text</foType>
<colorRGB>-16777216</colorRGB>
</FontObject>
</fonts>
</sourceLabel>
<targetLabel class="oracle.dbtools.crest.model.design.Label">
<site>2</site>
<labelBounds x="512" y="640" width="32" height="20"/>
<fonts itemClass="oracle.dbtools.crest.model.design.FontObjectWr">
<FontObject>
<foType>Text</foType>
<colorRGB>-16777216</colorRGB>
</FontObject>
</fonts>
</targetLabel>
<points>
<point x="686" y="637"/>
<point x="470" y="637"/>
</points>
</Connector>
<Connector class="oracle.dbtools.crest.swingui.logical.TVRelation" oid="72109CDB-41DB-F7B6-3CAF-B500454F98F8" otype="Relation" vid_source="7ACC49F3-727C-E7AA-C641-DF986C25F4EC" vid_target="BD20B0BF-75D6-C554-B8C3-027436027F43">
<hideElementsInCurrentOnly>false</hideElementsInCurrentOnly>
<lineWidth>1</lineWidth>
<sourceLabel class="oracle.dbtools.crest.model.design.Label">
<site>0</site>
<labelBounds x="981" y="449" width="26" height="20"/>
<fonts itemClass="oracle.dbtools.crest.model.design.FontObjectWr">
<FontObject>
<foType>Text</foType>
<colorRGB>-16777216</colorRGB>
</FontObject>
</fonts>
</sourceLabel>
<targetLabel class="oracle.dbtools.crest.model.design.Label">
<site>2</site>
<labelBounds x="616" y="449" width="32" height="20"/>
<fonts itemClass="oracle.dbtools.crest.model.design.FontObjectWr">
<FontObject>
<foType>Text</foType>
<colorRGB>-16777216</colorRGB>
</FontObject>
</fonts>
</targetLabel>
<points>
<point x="1158" y="446"/>
<point x="451" y="446"/>
</points>
</Connector>
<Connector class="oracle.dbtools.crest.swingui.logical.TVRelation" oid="7334F002-21AC-6DBC-ED47-C350EAEC70EC" otype="Relation" vid_source="D3A7D64D-EE81-2203-1E99-BE4332FC58C1" vid_target="CD33C8B0-2D14-1203-BA5C-75DD803F7F90">
<hideElementsInCurrentOnly>false</hideElementsInCurrentOnly>
<lineWidth>1</lineWidth>
<sourceLabel class="oracle.dbtools.crest.model.design.Label">
<site>0</site>
<labelBounds x="521" y="114" width="65" height="20"/>
<fonts itemClass="oracle.dbtools.crest.model.design.FontObjectWr">
<FontObject>
<foType>Text</foType>
<colorRGB>-16777216</colorRGB>
</FontObject>
</fonts>
</sourceLabel>
<targetLabel class="oracle.dbtools.crest.model.design.Label">
<site>2</site>
<labelBounds x="673" y="114" width="49" height="20"/>
<fonts itemClass="oracle.dbtools.crest.model.design.FontObjectWr">
<FontObject>
<foType>Text</foType>
<colorRGB>-16777216</colorRGB>
</FontObject>
</fonts>
</targetLabel>
<points>
<point x="462" y="111"/>
<point x="744" y="111"/>
</points>
</Connector>
<Connector class="oracle.dbtools.crest.swingui.logical.TVRelation" oid="92A71546-28A4-522E-8110-56B2D21365BF" otype="Relation" vid_source="4708F9E4-7844-2172-0C9A-0B60E1031531" vid_target="AD0408B9-CDE0-8F00-55A7-05955822E18D">
<hideElementsInCurrentOnly>false</hideElementsInCurrentOnly>
<lineWidth>1</lineWidth>
<sourceLabel class="oracle.dbtools.crest.model.design.Label">
<site>0</site>
<labelBounds x="394" y="861" width="45" height="20"/>
<fonts itemClass="oracle.dbtools.crest.model.design.FontObjectWr">
<FontObject>
<foType>Text</foType>
<colorRGB>-16777216</colorRGB>
</FontObject>
</fonts>
</sourceLabel>
<targetLabel class="oracle.dbtools.crest.model.design.Label">
<site>2</site>
<labelBounds x="394" y="757" width="32" height="20"/>
<fonts itemClass="oracle.dbtools.crest.model.design.FontObjectWr">
<FontObject>
<foType>Text</foType>
<colorRGB>-16777216</colorRGB>
</FontObject>
</fonts>
</targetLabel>
<points>
<point x="391" y="908"/>
<point x="391" y="722"/>
</points>
</Connector>
<Connector class="oracle.dbtools.crest.swingui.logical.TVRelation" oid="C5A6A048-3CDC-A568-471E-CF2D76D982CD" otype="Relation" vid_source="F536E6C0-2BF5-C83C-9B54-F83EA3B1D12E" vid_target="CD33C8B0-2D14-1203-BA5C-75DD803F7F90">
<hideElementsInCurrentOnly>false</hideElementsInCurrentOnly>
<lineWidth>1</lineWidth>
<sourceLabel class="oracle.dbtools.crest.model.design.Label">
<site>0</site>
<labelBounds x="1074" y="110" width="49" height="20"/>
<fonts itemClass="oracle.dbtools.crest.model.design.FontObjectWr">
<FontObject>
<foType>Text</foType>
<colorRGB>-16777216</colorRGB>
</FontObject>
</fonts>
</sourceLabel>
<targetLabel class="oracle.dbtools.crest.model.design.Label">
<site>2</site>
<labelBounds x="922" y="110" width="65" height="20"/>
<fonts itemClass="oracle.dbtools.crest.model.design.FontObjectWr">
<FontObject>
<foType>Text</foType>
<colorRGB>-16777216</colorRGB>
</FontObject>
</fonts>
</targetLabel>
<points>
<point x="1144" y="107"/>
<point x="864" y="107"/>
</points>
</Connector>
<Connector class="oracle.dbtools.crest.swingui.logical.TVRelation" oid="E060DD93-61BC-A63A-C2D0-FB12E31F3C9C" otype="Relation" vid_source="D3A7D64D-EE81-2203-1E99-BE4332FC58C1" vid_target="BD20B0BF-75D6-C554-B8C3-027436027F43">
<hideElementsInCurrentOnly>false</hideElementsInCurrentOnly>
<lineWidth>1</lineWidth>
<sourceLabel class="oracle.dbtools.crest.model.design.Label">
<site>0</site>
<labelBounds x="383" y="226" width="63" height="20"/>
<fonts itemClass="oracle.dbtools.crest.model.design.FontObjectWr">
<FontObject>
<foType>Text</foType>
<colorRGB>-16777216</colorRGB>
</FontObject>
</fonts>
</sourceLabel>
<targetLabel class="oracle.dbtools.crest.model.design.Label">
<site>2</site>
<labelBounds x="383" y="314" width="32" height="20"/>
<fonts itemClass="oracle.dbtools.crest.model.design.FontObjectWr">
<FontObject>
<foType>Text</foType>
<colorRGB>-16777216</colorRGB>
</FontObject>
</fonts>
</targetLabel>
<points>
<point x="380" y="200"/>
<point x="380" y="352"/>
</points>
</Connector>
<Connector class="oracle.dbtools.crest.swingui.logical.TVRelation" oid="F66EFD35-E21F-452C-2610-D02756519B75" otype="Relation" vid_source="56D52974-01C6-F6E4-4776-FBCD3F51370C" vid_target="745CF413-4909-11F6-71D0-B2D87A913904">
<hideElementsInCurrentOnly>false</hideElementsInCurrentOnly>
<lineWidth>1</lineWidth>
<sourceLabel class="oracle.dbtools.crest.model.design.Label">
<site>0</site>
<labelBounds x="1615" y="1010" width="42" height="20"/>
<fonts itemClass="oracle.dbtools.crest.model.design.FontObjectWr">
<FontObject>
<foType>Text</foType>
<colorRGB>-16777216</colorRGB>
</FontObject>
</fonts>
</sourceLabel>
<targetLabel class="oracle.dbtools.crest.model.design.Label">
<site>2</site>
<labelBounds x="1407" y="1010" width="58" height="20"/>
<fonts itemClass="oracle.dbtools.crest.model.design.FontObjectWr">
<FontObject>
<foType>Text</foType>
<colorRGB>-16777216</colorRGB>
</FontObject>
</fonts>
</targetLabel>
<points>
<point x="1714" y="1007"/>
<point x="1320" y="1007"/>
</points>
</Connector>
</connectors>
</Diagram>