<?xml version = '1.0' encoding = 'UTF-8'?>
<Table class="oracle.dbtools.crest.model.design.relational.Table" directorySegmentName="seg_0" id="044CB4D2-CEC9-4A23-9B4E-F9B213CD8239" name="PROVIDER">
<createdBy>Tim</createdBy>
<createdTime>2016-10-19 23:47:25 UTC</createdTime>
<generatorID>B3904DCC-2A92-CEF6-09D0-1E5945931205</generatorID>
<ownerDesignName>Rev D</ownerDesignName>
<allowColumnReorder>false</allowColumnReorder>
<existDependencyGenerateInDDl>true</existDependencyGenerateInDDl>
<parsed>true</parsed>
<columns itemClass="oracle.dbtools.crest.model.design.relational.Column">
<Column name="provider_code" id="C64B3A3F-5C6C-F0E7-BB73-2E052ACFCFF8">
<createdBy>Tim</createdBy>
<createdTime>2016-10-19 23:47:25 UTC</createdTime>
<commentInRDBMS>6 character code to uniquely identify the provider, made up of 3 letters followed by 3 numbers.</commentInRDBMS>
<generatorID>85919111-C5BA-5F52-F45C-E290E37CED97</generatorID>
<ownerDesignName>Rev D</ownerDesignName>
<constraintName>check_provider_code</constraintName>
<useDomainConstraints>false</useDomainConstraints>
<use>1</use>
<logicalDatatype>LOGDT024</logicalDatatype>
<dataTypeSize>6</dataTypeSize>
<checkConstraint>
<implementationDef dbType="Oracle Database 11g" definition="REGEXP_LIKE(provider_code,&apos;[[:alpha:]]{3}[[:digit:]]{3}&apos;)"/>
</checkConstraint>
<ownDataTypeParameters>6,,</ownDataTypeParameters>
<autoIncrementStartWith>1000</autoIncrementStartWith>
<autoIncrementCycle>false</autoIncrementCycle>
<autoIncrementGenerateTrigger>false</autoIncrementGenerateTrigger>
</Column>
<Column name="provider_fname" id="64A5AAC3-2FE4-ECE8-D62B-5F642001D6A4">
<createdBy>Tim</createdBy>
<createdTime>2016-10-19 23:47:25 UTC</createdTime>
<commentInRDBMS>Providers first name (50 character limit). Cannot be null.</commentInRDBMS>
<generatorID>4D5FD1B7-5338-1CE7-3D8D-3DE5171AFAEC</generatorID>
<ownerDesignName>Rev D</ownerDesignName>
<useDomainConstraints>false</useDomainConstraints>
<use>1</use>
<logicalDatatype>LOGDT024</logicalDatatype>
<dataTypeSize>50</dataTypeSize>
<ownDataTypeParameters>50,,</ownDataTypeParameters>
<autoIncrementCycle>false</autoIncrementCycle>
</Column>
<Column name="provider_lname" id="A0A81D5D-24A0-9745-7C90-E06FBB14A176">
<createdBy>Tim</createdBy>
<createdTime>2016-10-19 23:47:25 UTC</createdTime>
<commentInRDBMS>Providers last name, 50 character limit. Cannot be null.</commentInRDBMS>
<generatorID>EE1588D0-4E53-9CA8-87BA-B9631D85F4E0</generatorID>
<ownerDesignName>Rev D</ownerDesignName>
<useDomainConstraints>false</useDomainConstraints>
<use>1</use>
<logicalDatatype>LOGDT024</logicalDatatype>
<dataTypeSize>50</dataTypeSize>
<ownDataTypeParameters>50,,</ownDataTypeParameters>
<autoIncrementCycle>false</autoIncrementCycle>
</Column>
<Column name="room_num" id="6BC3F456-A0FD-6E41-1F7B-FB0F0D5E538E">
<createdBy>Tim</createdBy>
<createdTime>2016-10-19 23:47:25 UTC</createdTime>
<commentInRDBMS>3 digit number for the normal room of the provider. Is not mandantory. Constrained to rooms at surgery.</commentInRDBMS>
<generatorID>EA3D5E1E-19D9-CB4D-8ACB-C2577C7DB3DD</generatorID>
<ownerDesignName>Rev D</ownerDesignName>
<constraintName>check_room_number</constraintName>
<nullsAllowed>true</nullsAllowed>
<useDomainConstraints>false</useDomainConstraints>
<use>1</use>
<logicalDatatype>LOGDT019</logicalDatatype>
<dataTypePrecision>3</dataTypePrecision>
<listOfValues>
<valueDef value="101" description="Room 101"/>
<valueDef value="102" description="Room 102"/>
<valueDef value="103" description="Room 103"/>
<valueDef value="104" description="Room 104"/>
<valueDef value="201" description="Room 201"/>
<valueDef value="202" description="Room 202"/>
</listOfValues>
<ownDataTypeParameters>,3,</ownDataTypeParameters>
<autoIncrementCycle>false</autoIncrementCycle>
</Column>
<Column name="charge_mtd" id="0E867A39-B9E8-4539-D5DE-7E748BF48F06">
<createdBy>Tim</createdBy>
<createdTime>2016-10-19 23:47:25 UTC</createdTime>
<commentInRDBMS>7 digit number (2 decimals). Total charges of the provider for the current month. </commentInRDBMS>
<generatorID>1C84CA51-DA82-E6EE-BE6D-838F8191DE6E</generatorID>
<ownerDesignName>Rev D</ownerDesignName>
<nullsAllowed>true</nullsAllowed>
<useDomainConstraints>false</useDomainConstraints>
<use>1</use>
<logicalDatatype>LOGDT019</logicalDatatype>
<dataTypePrecision>7</dataTypePrecision>
<dataTypeScale>2</dataTypeScale>
<ownDataTypeParameters>,7,2</ownDataTypeParameters>
<autoIncrementCycle>false</autoIncrementCycle>
</Column>
<Column name="charge_ytd" id="00811754-76EE-8478-FE86-FE9351ED736A">
<createdBy>Tim</createdBy>
<createdTime>2016-10-19 23:47:25 UTC</createdTime>
<commentInRDBMS>Total provider charges for the year to date. 9 digit number (2 decimal places).</commentInRDBMS>
<generatorID>CCBA1B3E-F537-8259-2E1F-D670AF406C32</generatorID>
<ownerDesignName>Rev D</ownerDesignName>
<nullsAllowed>true</nullsAllowed>
<useDomainConstraints>false</useDomainConstraints>
<use>1</use>
<logicalDatatype>LOGDT019</logicalDatatype>
<dataTypePrecision>9</dataTypePrecision>
<dataTypeScale>2</dataTypeScale>
<ownDataTypeParameters>,9,2</ownDataTypeParameters>
<autoIncrementCycle>false</autoIncrementCycle>
</Column>
<Column name="provider_type_id" id="F7D6F2B4-85C8-BD7D-F5AD-E974701AC3F7">
<createdBy>Tim</createdBy>
<createdTime>2016-10-19 23:47:25 UTC</createdTime>
<commentInRDBMS>Provider type code. 2 digit number. Primary key for PROVIDER TYPE.</commentInRDBMS>
<generatorID>29842C0B-1E90-6DE7-B94C-82E69B241A26</generatorID>
<ownerDesignName>Rev D</ownerDesignName>
<useDomainConstraints>false</useDomainConstraints>
<use>1</use>
<logicalDatatype>LOGDT019</logicalDatatype>
<dataTypePrecision>5</dataTypePrecision>
<ownDataTypeParameters>,5,</ownDataTypeParameters>
<previousColumn>false</previousColumn>
<autoIncrementCycle>false</autoIncrementCycle>
<associations>
<colAssociation fkAssociation="BDF289B8-063A-2E9B-6356-2BCD068CC872" referredColumn="6A0ACC7B-2533-F7D2-F5D7-E21C1CA4D72F"/>
</associations>
</Column>
</columns>
<indexes itemClass="oracle.dbtools.crest.model.design.relational.Index">
<ind_PK_UK id="633E4626-DD89-1563-8314-A99782B542DE" name="PROVIDER_PK">
<createdBy>Tim</createdBy>
<createdTime>2016-10-19 23:47:25 UTC</createdTime>
<generatorID>E15EF932-EF35-0A2B-F281-73E7AA707200</generatorID>
<ownerDesignName>Rev D</ownerDesignName>
<pk>true</pk>
<indexState>Primary Constraint</indexState>
<isSurrogateKey>false</isSurrogateKey>
<indexColumnUsage>
<colUsage columnID="C64B3A3F-5C6C-F0E7-BB73-2E052ACFCFF8"/>
</indexColumnUsage>
</ind_PK_UK>
<ind_PK_UK id="37329595-E2D1-DA8A-4714-E8812E87EBA6" name="provider_provider_type">
<createdBy>Tim</createdBy>
<createdTime>2016-10-19 23:47:25 UTC</createdTime>
<generatorID>008B5BEF-8683-1289-5849-AE072E639AAA</generatorID>
<ownerDesignName>Rev D</ownerDesignName>
<indexState>Foreign Key</indexState>
<isSurrogateKey>false</isSurrogateKey>
<indexColumnUsage>
<colUsage columnID="F7D6F2B4-85C8-BD7D-F5AD-E974701AC3F7"/>
</indexColumnUsage>
</ind_PK_UK>
</indexes>
</Table>