<?xml version = '1.0' encoding = 'UTF-8'?>
<Table class="oracle.dbtools.crest.model.design.relational.Table" directorySegmentName="seg_0" id="36A75DD6-88F6-226C-741B-D104FF3068BD" name="NURSE_SPEC">
<createdBy>Tim</createdBy>
<createdTime>2016-10-19 23:47:25 UTC</createdTime>
<generatorID>8130CC7B-6A3D-85A7-8ED5-D29242F517CA</generatorID>
<ownerDesignName>Rev D</ownerDesignName>
<allowColumnReorder>false</allowColumnReorder>
<existDependencyGenerateInDDl>true</existDependencyGenerateInDDl>
<parsed>true</parsed>
<columns itemClass="oracle.dbtools.crest.model.design.relational.Column">
<Column name="nurse_number" id="329FF524-D89F-6EDB-C299-E0A75BDA58E3">
<createdBy>Tim</createdBy>
<createdTime>2016-10-19 23:47:25 UTC</createdTime>
<commentInRDBMS>Nurse number. 4 digit number. Primary key for NURSE table.</commentInRDBMS>
<generatorID>ED7385FF-2913-465C-4A6B-78EFC4F43D28</generatorID>
<ownerDesignName>Rev D</ownerDesignName>
<useDomainConstraints>false</useDomainConstraints>
<use>1</use>
<logicalDatatype>LOGDT019</logicalDatatype>
<dataTypePrecision>4</dataTypePrecision>
<ownDataTypeParameters>,4,</ownDataTypeParameters>
<previousColumn>false</previousColumn>
<autoIncrementStartWith>1000</autoIncrementStartWith>
<autoIncrementCycle>false</autoIncrementCycle>
<autoIncrementGenerateTrigger>false</autoIncrementGenerateTrigger>
<associations>
<colAssociation fkAssociation="B4253AD3-7094-D654-6124-0291AB020BD3" referredColumn="8C42B536-B59E-C5BF-DB4E-D3C2D49C30CC"/>
</associations>
</Column>
<Column name="spec_code" id="584F8A0C-FDED-E07E-6C39-57E0EC97E98E">
<createdBy>Tim</createdBy>
<createdTime>2016-10-19 23:47:25 UTC</createdTime>
<commentInRDBMS>Nurse specialisation code.6 charcter code three letters followed by three numbers ABC123. Primary key for SPECIALISATION table.</commentInRDBMS>
<generatorID>4F19CB9A-7E4D-BF73-9643-CCE34D3E67E2</generatorID>
<ownerDesignName>Rev D</ownerDesignName>
<useDomainConstraints>false</useDomainConstraints>
<use>1</use>
<logicalDatatype>LOGDT024</logicalDatatype>
<dataTypeSize>6</dataTypeSize>
<ownDataTypeParameters>6,,</ownDataTypeParameters>
<previousColumn>false</previousColumn>
<autoIncrementCycle>false</autoIncrementCycle>
<associations>
<colAssociation fkAssociation="A6C58829-9A26-CC5A-C87C-6DBDFBBC3DA4" referredColumn="EE599C92-91B5-A626-0FFF-CFE0C173DE1F"/>
</associations>
</Column>
</columns>
<indexes itemClass="oracle.dbtools.crest.model.design.relational.Index">
<ind_PK_UK id="241A3684-0D8F-E927-6A46-8CCF66664294" name="NURSE_SPECIALISATION_PK">
<createdBy>Tim</createdBy>
<createdTime>2016-10-19 23:47:25 UTC</createdTime>
<generatorID>5522E4A2-2544-7D6C-A70F-9BEEF9472DF1</generatorID>
<ownerDesignName>Rev D</ownerDesignName>
<pk>true</pk>
<indexState>Primary Constraint</indexState>
<isSurrogateKey>false</isSurrogateKey>
<indexColumnUsage>
<colUsage columnID="329FF524-D89F-6EDB-C299-E0A75BDA58E3"/>
<colUsage columnID="584F8A0C-FDED-E07E-6C39-57E0EC97E98E"/>
</indexColumnUsage>
</ind_PK_UK>
<ind_PK_UK id="6170C07D-3197-42B8-2A78-3E29C1EE5C6D" name="nurse_nurse_specialisation">
<createdBy>Tim</createdBy>
<createdTime>2016-10-19 23:47:25 UTC</createdTime>
<generatorID>560CEDF1-E16C-1AFE-3CF5-4418C7AAFDB1</generatorID>
<ownerDesignName>Rev D</ownerDesignName>
<indexState>Foreign Key</indexState>
<isSurrogateKey>false</isSurrogateKey>
<indexColumnUsage>
<colUsage columnID="329FF524-D89F-6EDB-C299-E0A75BDA58E3"/>
</indexColumnUsage>
</ind_PK_UK>
<ind_PK_UK id="049269DC-2C48-14F9-EA0C-9F39DFD1C489" name="spec_nurse_spec">
<createdBy>Tim</createdBy>
<createdTime>2016-10-19 23:47:25 UTC</createdTime>
<generatorID>92A71546-28A4-522E-8110-56B2D21365BF</generatorID>
<ownerDesignName>Rev D</ownerDesignName>
<indexState>Foreign Key</indexState>
<isSurrogateKey>false</isSurrogateKey>
<indexColumnUsage>
<colUsage columnID="584F8A0C-FDED-E07E-6C39-57E0EC97E98E"/>
</indexColumnUsage>
</ind_PK_UK>
</indexes>
</Table>