<?xml version = '1.0' encoding = 'UTF-8'?>
<Table class="oracle.dbtools.crest.model.design.relational.Table" directorySegmentName="seg_0" id="39008AA4-C196-3AAA-77AB-16E5953A17F1" name="SERVICE">
<createdBy>Tim</createdBy>
<createdTime>2016-10-19 23:47:25 UTC</createdTime>
<generatorID>5AB2FEF3-9791-1A21-DF5D-4D9D6A5FFD93</generatorID>
<ownerDesignName>Rev D</ownerDesignName>
<allowColumnReorder>false</allowColumnReorder>
<existDependencyGenerateInDDl>true</existDependencyGenerateInDDl>
<parsed>true</parsed>
<columns itemClass="oracle.dbtools.crest.model.design.relational.Column">
<Column name="service_code" id="682D3F47-CEE7-B5B1-1654-F16C0386AB3C">
<createdBy>Tim</createdBy>
<createdTime>2016-10-19 23:47:25 UTC</createdTime>
<commentInRDBMS>4 digit code - code is only made of numbers so numeric value chosen. Primary key for SERVICE table</commentInRDBMS>
<generatorID>3B25F0C9-4E01-CEB4-ABA4-27436D6D4459</generatorID>
<ownerDesignName>Rev D</ownerDesignName>
<constraintName>check_service_code</constraintName>
<useDomainConstraints>false</useDomainConstraints>
<use>1</use>
<logicalDatatype>LOGDT019</logicalDatatype>
<dataTypePrecision>4</dataTypePrecision>
<ownDataTypeParameters>,4,</ownDataTypeParameters>
<autoIncrementStartWith>1000</autoIncrementStartWith>
<autoIncrementCycle>false</autoIncrementCycle>
<listOfRanges>
<rangeDef class="oracle.dbtools.crest.model.design.constraint.AVT">
<beginValue>1000</beginValue>
<endValue>9999</endValue>
<description>Value must be 4 digits</description>
</rangeDef>
</listOfRanges>
</Column>
<Column name="service_desc" id="766E45B9-C7A2-7851-53BA-DD1A8C8EFA95">
<createdBy>Tim</createdBy>
<createdTime>2016-10-19 23:47:25 UTC</createdTime>
<commentInRDBMS>Description of the service. 50 character limit. Cannot be NULL.</commentInRDBMS>
<generatorID>22ADC2B2-2121-0EB7-8DCE-1B17FC049DCE</generatorID>
<ownerDesignName>Rev D</ownerDesignName>
<useDomainConstraints>false</useDomainConstraints>
<use>1</use>
<logicalDatatype>LOGDT024</logicalDatatype>
<dataTypeSize>50</dataTypeSize>
<ownDataTypeParameters>50,,</ownDataTypeParameters>
<autoIncrementCycle>false</autoIncrementCycle>
</Column>
<Column name="std_fee" id="D1DB6A72-C8F5-106D-8E3E-8CB973141A49">
<createdBy>Tim</createdBy>
<createdTime>2016-10-19 23:47:25 UTC</createdTime>
<commentInRDBMS>Standard fee charged for the service. 7 digit number with 2 decimal places. Cannot be NULL.</commentInRDBMS>
<generatorID>DA1C4FF1-56EA-DAC1-3A95-3E5EE471F72D</generatorID>
<ownerDesignName>Rev D</ownerDesignName>
<useDomainConstraints>false</useDomainConstraints>
<use>1</use>
<logicalDatatype>LOGDT019</logicalDatatype>
<dataTypePrecision>7</dataTypePrecision>
<dataTypeScale>2</dataTypeScale>
<ownDataTypeParameters>,7,2</ownDataTypeParameters>
<autoIncrementCycle>false</autoIncrementCycle>
</Column>
</columns>
<indexes itemClass="oracle.dbtools.crest.model.design.relational.Index">
<ind_PK_UK id="40D84E87-A435-03A5-1DFB-E0E90327F754" name="SERVICE_PK">
<createdBy>Tim</createdBy>
<createdTime>2016-10-19 23:47:25 UTC</createdTime>
<generatorID>935BAAA0-3F26-EB2D-0ED0-CCE249D323D6</generatorID>
<ownerDesignName>Rev D</ownerDesignName>
<pk>true</pk>
<indexState>Primary Constraint</indexState>
<isSurrogateKey>false</isSurrogateKey>
<indexColumnUsage>
<colUsage columnID="682D3F47-CEE7-B5B1-1654-F16C0386AB3C"/>
</indexColumnUsage>
</ind_PK_UK>
</indexes>
</Table>