<?xml version = '1.0' encoding = 'UTF-8'?>
<Table class="oracle.dbtools.crest.model.design.relational.Table" directorySegmentName="seg_0" id="3DA942C0-45E8-FEA1-1E15-BDCF2559171C" name="APP_SERVICE">
<createdBy>Tim</createdBy>
<createdTime>2016-10-19 23:47:25 UTC</createdTime>
<generatorID>2E36C946-B3F7-B55B-2BA6-B81D9FF68355</generatorID>
<ownerDesignName>Rev D</ownerDesignName>
<allowColumnReorder>false</allowColumnReorder>
<existDependencyGenerateInDDl>true</existDependencyGenerateInDDl>
<parsed>true</parsed>
<columns itemClass="oracle.dbtools.crest.model.design.relational.Column">
<Column name="app_num" id="CEC70E3E-C0BD-AE85-A71E-4AD8CCBEC614">
<createdBy>Tim</createdBy>
<createdTime>2016-10-19 23:47:25 UTC</createdTime>
<commentInRDBMS>Appointment number. 4 digit number. Primary key for the APPOINTMENT table.</commentInRDBMS>
<generatorID>A5EEBB39-0B20-A202-C0D6-4E4F9495580B</generatorID>
<ownerDesignName>Rev D</ownerDesignName>
<useDomainConstraints>false</useDomainConstraints>
<use>1</use>
<logicalDatatype>LOGDT019</logicalDatatype>
<dataTypePrecision>4</dataTypePrecision>
<ownDataTypeParameters>,4,</ownDataTypeParameters>
<previousColumn>false</previousColumn>
<autoIncrementCycle>false</autoIncrementCycle>
<associations>
<colAssociation fkAssociation="17F4C625-5654-15D8-174F-89050409E3A7" referredColumn="2DC1751F-63A6-3CD7-5966-2CED662221AA"/>
</associations>
</Column>
<Column name="service_code" id="42F7E756-CF49-4750-88CC-F7E4C4B08C61">
<createdBy>Tim</createdBy>
<createdTime>2016-10-19 23:47:25 UTC</createdTime>
<commentInRDBMS>4 digit code - code is only made of numbers so numeric value chosen. Primary key for SERVICE table</commentInRDBMS>
<generatorID>8319F203-795E-5D66-FA60-A1D3AA03AC38</generatorID>
<ownerDesignName>Rev D</ownerDesignName>
<useDomainConstraints>false</useDomainConstraints>
<use>1</use>
<logicalDatatype>LOGDT019</logicalDatatype>
<dataTypePrecision>4</dataTypePrecision>
<ownDataTypeParameters>,4,</ownDataTypeParameters>
<previousColumn>false</previousColumn>
<autoIncrementCycle>false</autoIncrementCycle>
<associations>
<colAssociation fkAssociation="F8143E65-83FF-D5ED-0C5D-1732CD98D3FB" referredColumn="682D3F47-CEE7-B5B1-1654-F16C0386AB3C"/>
</associations>
</Column>
<Column name="charged_fee" id="70308F2C-72FF-7B1C-7013-220DC31521B1">
<createdBy>Tim</createdBy>
<createdTime>2016-10-19 23:47:25 UTC</createdTime>
<commentInRDBMS>Fee charged for the service. 7 digit number with 2 decimal places. Cannot be NULL.</commentInRDBMS>
<generatorID>80D16CC8-8C3A-B82C-4DE6-78616363C378</generatorID>
<ownerDesignName>Rev D</ownerDesignName>
<useDomainConstraints>false</useDomainConstraints>
<use>1</use>
<logicalDatatype>LOGDT019</logicalDatatype>
<dataTypePrecision>7</dataTypePrecision>
<dataTypeScale>2</dataTypeScale>
<ownDataTypeParameters>,7,2</ownDataTypeParameters>
<autoIncrementCycle>false</autoIncrementCycle>
</Column>
</columns>
<indexes itemClass="oracle.dbtools.crest.model.design.relational.Index">
<ind_PK_UK id="A83C28E4-F883-23F9-21CD-119714A953D6" name="APPOINTMENT_SERVICE_PK">
<createdBy>Tim</createdBy>
<createdTime>2016-10-19 23:47:25 UTC</createdTime>
<generatorID>60C0FE9D-AB96-F0B8-C324-465CDC636892</generatorID>
<ownerDesignName>Rev D</ownerDesignName>
<pk>true</pk>
<indexState>Primary Constraint</indexState>
<isSurrogateKey>false</isSurrogateKey>
<indexColumnUsage>
<colUsage columnID="42F7E756-CF49-4750-88CC-F7E4C4B08C61"/>
<colUsage columnID="CEC70E3E-C0BD-AE85-A71E-4AD8CCBEC614"/>
</indexColumnUsage>
</ind_PK_UK>
<ind_PK_UK id="2E28CAE2-CBAD-51AE-8134-98CEC5759C54" name="service_app_service">
<createdBy>Tim</createdBy>
<createdTime>2016-10-19 23:47:25 UTC</createdTime>
<generatorID>E060DD93-61BC-A63A-C2D0-FB12E31F3C9C</generatorID>
<ownerDesignName>Rev D</ownerDesignName>
<indexState>Foreign Key</indexState>
<isSurrogateKey>false</isSurrogateKey>
<indexColumnUsage>
<colUsage columnID="42F7E756-CF49-4750-88CC-F7E4C4B08C61"/>
</indexColumnUsage>
</ind_PK_UK>
<ind_PK_UK id="E876F955-6F43-4B6D-5878-335737D49BA3" name="apmt_app_service">
<createdBy>Tim</createdBy>
<createdTime>2016-10-19 23:47:25 UTC</createdTime>
<generatorID>72109CDB-41DB-F7B6-3CAF-B500454F98F8</generatorID>
<ownerDesignName>Rev D</ownerDesignName>
<indexState>Foreign Key</indexState>
<isSurrogateKey>false</isSurrogateKey>
<indexColumnUsage>
<colUsage columnID="CEC70E3E-C0BD-AE85-A71E-4AD8CCBEC614"/>
</indexColumnUsage>
</ind_PK_UK>
</indexes>
</Table>