<?xml version = '1.0' encoding = 'UTF-8'?>
<Table class="oracle.dbtools.crest.model.design.relational.Table" directorySegmentName="seg_0" id="68D18B8D-AA5D-0C1B-8DDF-AF3A7C6C0CEE" name="PAYMENT_AUDIT">
<createdBy>Tim</createdBy>
<createdTime>2016-10-19 23:47:25 UTC</createdTime>
<generatorID>E7CC1B43-190D-CB6F-B80D-CE6E25C75A0A</generatorID>
<ownerDesignName>Rev D</ownerDesignName>
<allowColumnReorder>false</allowColumnReorder>
<existDependencyGenerateInDDl>true</existDependencyGenerateInDDl>
<parsed>true</parsed>
<columns itemClass="oracle.dbtools.crest.model.design.relational.Column">
<Column name="entry_num" id="C12907F6-C39A-0A49-0F9C-B7A9F91AD417">
<createdBy>Tim</createdBy>
<createdTime>2016-10-19 23:47:25 UTC</createdTime>
<commentInRDBMS>Audit entry number. 9 digit number. Primary key for AUDIT table.</commentInRDBMS>
<generatorID>B468935D-4047-07F0-ACA2-481B9F205B07</generatorID>
<ownerDesignName>Rev D</ownerDesignName>
<useDomainConstraints>false</useDomainConstraints>
<use>1</use>
<logicalDatatype>LOGDT019</logicalDatatype>
<dataTypePrecision>9</dataTypePrecision>
<ownDataTypeParameters>,9,</ownDataTypeParameters>
<autoIncrementColumn>true</autoIncrementColumn>
<autoIncrementStartWith>100000000</autoIncrementStartWith>
<autoIncrementCycle>false</autoIncrementCycle>
<autoIncrementGenerateTrigger>false</autoIncrementGenerateTrigger>
</Column>
<Column name="pat_num" id="0A33CAA0-14AC-C7F1-E32A-323AF4E30B6A">
<createdBy>Tim</createdBy>
<createdTime>2016-10-19 23:47:25 UTC</createdTime>
<commentInRDBMS>Patient number. 5 dgit number. Cannot be NULL.</commentInRDBMS>
<generatorID>BE98F89C-5910-A605-DA6B-A39B894FE14E</generatorID>
<ownerDesignName>Rev D</ownerDesignName>
<useDomainConstraints>false</useDomainConstraints>
<use>1</use>
<logicalDatatype>LOGDT019</logicalDatatype>
<dataTypePrecision>6</dataTypePrecision>
<ownDataTypeParameters>,6,</ownDataTypeParameters>
<autoIncrementCycle>false</autoIncrementCycle>
</Column>
<Column name="app_num" id="C94709D9-3C79-3F80-8432-C0C9DEBC480B">
<createdBy>Tim</createdBy>
<createdTime>2016-10-19 23:47:25 UTC</createdTime>
<commentInRDBMS>Appointment number. 5 digit number. Cannot be NULL.</commentInRDBMS>
<generatorID>81556526-3B31-0E2B-CD05-688473DA64CF</generatorID>
<ownerDesignName>Rev D</ownerDesignName>
<useDomainConstraints>false</useDomainConstraints>
<use>1</use>
<logicalDatatype>LOGDT019</logicalDatatype>
<dataTypePrecision>4</dataTypePrecision>
<ownDataTypeParameters>,4,</ownDataTypeParameters>
<autoIncrementCycle>false</autoIncrementCycle>
</Column>
<Column name="user" id="E8D105A7-AAE3-59C1-EDA3-88EC1D7C5552">
<createdBy>Tim</createdBy>
<createdTime>2016-10-19 23:47:25 UTC</createdTime>
<commentInRDBMS>Logged in Oracle user at the time payment was made. Cannot be NULL.</commentInRDBMS>
<generatorID>3615BDBF-623F-BA42-C460-32D340922D71</generatorID>
<ownerDesignName>Rev D</ownerDesignName>
<useDomainConstraints>false</useDomainConstraints>
<use>1</use>
<logicalDatatype>LOGDT024</logicalDatatype>
<dataTypeSize>20</dataTypeSize>
<ownDataTypeParameters>20,,</ownDataTypeParameters>
<autoIncrementCycle>false</autoIncrementCycle>
</Column>
<Column name="log_datetime" id="0A105D11-2470-8954-F21E-2036F7BB4067">
<createdBy>Tim</createdBy>
<createdTime>2016-10-19 23:47:25 UTC</createdTime>
<commentInRDBMS>Date and time for the log entry. Cannot be NULL.</commentInRDBMS>
<generatorID>9A05EF3B-5F5F-1486-7953-C4EB34FED3CE</generatorID>
<ownerDesignName>Rev D</ownerDesignName>
<useDomainConstraints>false</useDomainConstraints>
<use>1</use>
<logicalDatatype>LOGDT007</logicalDatatype>
<ownDataTypeParameters>,,</ownDataTypeParameters>
<autoIncrementCycle>false</autoIncrementCycle>
</Column>
<Column name="payment_from" id="2ABF0335-0829-C1E5-48FB-CAE681F84C9E">
<createdBy>Tim</createdBy>
<createdTime>2016-10-19 23:47:25 UTC</createdTime>
<commentInRDBMS>Origin of payent, either from PATIENT or INSURER. Cannot be NULL.</commentInRDBMS>
<generatorID>4B0E9CCA-B231-9517-5AA7-9703B8F3806D</generatorID>
<ownerDesignName>Rev D</ownerDesignName>
<useDomainConstraints>false</useDomainConstraints>
<use>1</use>
<logicalDatatype>LOGDT024</logicalDatatype>
<dataTypeSize>10</dataTypeSize>
<ownDataTypeParameters>10,,</ownDataTypeParameters>
<autoIncrementCycle>false</autoIncrementCycle>
</Column>
<Column name="action" id="FDD0E654-F46A-80DB-9CA1-E04F17B82665">
<createdBy>Tim</createdBy>
<createdTime>2016-10-20 23:51:38 UTC</createdTime>
<commentInRDBMS>Record if the change was an insert, update or delete.</commentInRDBMS>
<generatorID>23C09F58-A201-5B01-AB8B-2227CB0B9B80</generatorID>
<ownerDesignName>Rev D</ownerDesignName>
<useDomainConstraints>false</useDomainConstraints>
<use>1</use>
<logicalDatatype>LOGDT024</logicalDatatype>
<dataTypeSize>10</dataTypeSize>
<listOfValues>
<valueDef value="" description=""/>
<valueDef value="DELETE" description="DELETION made in INVOICE table."/>
<valueDef value="INSERT" description="Insert made to INVOICE table."/>
<valueDef value="UPDATE" description="Update made to amount_paid on INVOICE table"/>
</listOfValues>
<ownDataTypeParameters>10,,</ownDataTypeParameters>
<autoIncrementCycle>false</autoIncrementCycle>
</Column>
</columns>
<indexes itemClass="oracle.dbtools.crest.model.design.relational.Index">
<ind_PK_UK id="D7B23037-E586-5E43-11D9-CCFB2752C244" name="AUDIT_PK">
<createdBy>Tim</createdBy>
<createdTime>2016-10-19 23:47:25 UTC</createdTime>
<generatorID>696ABD89-5B7C-9E8B-F26E-7884CB5B9685</generatorID>
<ownerDesignName>Rev D</ownerDesignName>
<pk>true</pk>
<indexState>Primary Constraint</indexState>
<isSurrogateKey>false</isSurrogateKey>
<indexColumnUsage>
<colUsage columnID="C12907F6-C39A-0A49-0F9C-B7A9F91AD417"/>
</indexColumnUsage>
</ind_PK_UK>
</indexes>
</Table>