<?xml version = '1.0' encoding = 'UTF-8'?>
<Table class="oracle.dbtools.crest.model.design.relational.Table" directorySegmentName="seg_0" id="71116E5A-0C6A-C7DE-B506-AF74DE64DFEF" name="SPEC">
<createdBy>Tim</createdBy>
<createdTime>2016-10-19 23:47:25 UTC</createdTime>
<generatorID>5C83118B-FB1D-B18E-400E-A27063635E51</generatorID>
<ownerDesignName>Rev D</ownerDesignName>
<allowColumnReorder>false</allowColumnReorder>
<existDependencyGenerateInDDl>true</existDependencyGenerateInDDl>
<parsed>true</parsed>
<columns itemClass="oracle.dbtools.crest.model.design.relational.Column">
<Column name="spec_code" id="EE599C92-91B5-A626-0FFF-CFE0C173DE1F">
<createdBy>Tim</createdBy>
<createdTime>2016-10-19 23:47:25 UTC</createdTime>
<commentInRDBMS>Nurse specialisation code.6 charcter code three letters followed by three numbers ABC123. Primary key for SPECIALISATION table.</commentInRDBMS>
<generatorID>A397CFA4-458B-35A9-4A38-01BB4A851330</generatorID>
<ownerDesignName>Rev D</ownerDesignName>
<constraintName>check_spec_code</constraintName>
<useDomainConstraints>false</useDomainConstraints>
<use>1</use>
<logicalDatatype>LOGDT024</logicalDatatype>
<dataTypeSize>6</dataTypeSize>
<checkConstraint>
<implementationDef dbType="Oracle Database 11g" definition="REGEXP_LIKE(spec_code,&apos;[[:alpha:]]{3}[[:digit:]]{3}&apos;)"/>
</checkConstraint>
<ownDataTypeParameters>6,,</ownDataTypeParameters>
<autoIncrementStartWith>1000</autoIncrementStartWith>
<autoIncrementCycle>false</autoIncrementCycle>
<autoIncrementGenerateTrigger>false</autoIncrementGenerateTrigger>
</Column>
<Column name="spec_desc" id="443C2634-A5AD-D522-C1E8-415C8B06F6B7">
<createdBy>Tim</createdBy>
<createdTime>2016-10-19 23:47:25 UTC</createdTime>
<commentInRDBMS>Specialisation description. 50 character limit. Cannot be NULL.</commentInRDBMS>
<generatorID>222AEE65-53B4-5B7F-FF1D-011223F63458</generatorID>
<ownerDesignName>Rev D</ownerDesignName>
<useDomainConstraints>false</useDomainConstraints>
<use>1</use>
<logicalDatatype>LOGDT024</logicalDatatype>
<dataTypeSize>50</dataTypeSize>
<ownDataTypeParameters>50,,</ownDataTypeParameters>
<autoIncrementCycle>false</autoIncrementCycle>
</Column>
</columns>
<indexes itemClass="oracle.dbtools.crest.model.design.relational.Index">
<ind_PK_UK id="0B4762D3-F78D-84D2-3A24-FDAFF90C7713" name="SPECIALISATION_PK">
<createdBy>Tim</createdBy>
<createdTime>2016-10-19 23:47:25 UTC</createdTime>
<generatorID>6FBA5BC2-C2A1-5EEA-700F-2BCFBF79F507</generatorID>
<ownerDesignName>Rev D</ownerDesignName>
<pk>true</pk>
<indexState>Primary Constraint</indexState>
<isSurrogateKey>false</isSurrogateKey>
<indexColumnUsage>
<colUsage columnID="EE599C92-91B5-A626-0FFF-CFE0C173DE1F"/>
</indexColumnUsage>
</ind_PK_UK>
</indexes>
</Table>