<?xml version = '1.0' encoding = 'UTF-8'?>
<Table class="oracle.dbtools.crest.model.design.relational.Table" directorySegmentName="seg_0" id="76C2D86D-E8CD-3A38-E141-86AD78E176EE" name="INVOICE">
<createdBy>Tim</createdBy>
<createdTime>2016-10-19 23:47:25 UTC</createdTime>
<generatorID>FBF3BB38-64C9-E83E-BE06-3F8C25D26F84</generatorID>
<ownerDesignName>Rev D</ownerDesignName>
<allowColumnReorder>false</allowColumnReorder>
<existDependencyGenerateInDDl>true</existDependencyGenerateInDDl>
<parsed>true</parsed>
<columns itemClass="oracle.dbtools.crest.model.design.relational.Column">
<Column name="invoice_num" id="EF90B3CA-8871-74E3-8B26-800BEA1A13F6">
<createdBy>Tim</createdBy>
<createdTime>2016-10-19 23:47:25 UTC</createdTime>
<commentInRDBMS>6 digit invoice number. Primary key for INVOICE table.</commentInRDBMS>
<generatorID>A4EDEB06-25F6-A094-AFAC-F32FDE45275B</generatorID>
<ownerDesignName>Rev D</ownerDesignName>
<constraintName>chec_invoice_number</constraintName>
<useDomainConstraints>false</useDomainConstraints>
<use>1</use>
<logicalDatatype>LOGDT019</logicalDatatype>
<dataTypePrecision>6</dataTypePrecision>
<ownDataTypeParameters>,6,</ownDataTypeParameters>
<autoIncrementColumn>true</autoIncrementColumn>
<autoIncrementStartWith>100000</autoIncrementStartWith>
<autoIncrementCycle>false</autoIncrementCycle>
<autoIncrementGenerateTrigger>false</autoIncrementGenerateTrigger>
<listOfRanges>
<rangeDef class="oracle.dbtools.crest.model.design.constraint.AVT">
<beginValue>10000</beginValue>
<endValue>999999</endValue>
<description>possible invoice number ranges, must be 6 digits</description>
</rangeDef>
</listOfRanges>
</Column>
<Column name="app_num" id="5F4AC066-24FA-5C11-F182-3E4479F699EC">
<createdBy>Tim</createdBy>
<createdTime>2016-10-19 23:47:25 UTC</createdTime>
<commentInRDBMS>Appointment number. 4 digit number. Primary key for the APPOINTMENT table.</commentInRDBMS>
<generatorID>A6FD4D44-446F-5E09-4696-5D83F85213C2</generatorID>
<ownerDesignName>Rev D</ownerDesignName>
<useDomainConstraints>false</useDomainConstraints>
<use>1</use>
<logicalDatatype>LOGDT019</logicalDatatype>
<dataTypePrecision>4</dataTypePrecision>
<ownDataTypeParameters>,4,</ownDataTypeParameters>
<previousColumn>false</previousColumn>
<autoIncrementCycle>false</autoIncrementCycle>
<associations>
<colAssociation fkAssociation="98724B84-DBFF-9353-FAA0-78E851B8D040" referredColumn="2DC1751F-63A6-3CD7-5966-2CED662221AA"/>
</associations>
</Column>
<Column name="payment_from" id="59335E44-471D-8B2B-2AA8-CAB8BBB6383B">
<createdBy>Tim</createdBy>
<createdTime>2016-10-19 23:47:25 UTC</createdTime>
<commentInRDBMS>Payment from insurer or patient. Cannot be NULL. Constrained to patient or insurer..</commentInRDBMS>
<generatorID>9D2345F6-0FA3-53D5-924F-0EFDC658CE52</generatorID>
<ownerDesignName>Rev D</ownerDesignName>
<constraintName>check_payment_from</constraintName>
<useDomainConstraints>false</useDomainConstraints>
<use>1</use>
<logicalDatatype>LOGDT024</logicalDatatype>
<dataTypeSize>10</dataTypeSize>
<listOfValues>
<valueDef value="INSURER" description="Payment came from Insurer."/>
<valueDef value="PATIENT" description="Payment came from Patient"/>
</listOfValues>
<ownDataTypeParameters>10,,</ownDataTypeParameters>
<autoIncrementCycle>false</autoIncrementCycle>
</Column>
<Column name="amount_paid" id="35E8CA34-548E-681A-A800-D0B710AE0A4E">
<createdBy>Tim</createdBy>
<createdTime>2016-10-19 23:47:25 UTC</createdTime>
<commentInRDBMS>Amount paid. 7 digit number. Canno tbe NULL.</commentInRDBMS>
<generatorID>5A98601C-5193-06B1-9B21-DF359B20DF6E</generatorID>
<ownerDesignName>Rev D</ownerDesignName>
<useDomainConstraints>false</useDomainConstraints>
<use>1</use>
<logicalDatatype>LOGDT019</logicalDatatype>
<dataTypePrecision>7</dataTypePrecision>
<dataTypeScale>2</dataTypeScale>
<ownDataTypeParameters>,7,2</ownDataTypeParameters>
<autoIncrementCycle>false</autoIncrementCycle>
</Column>
</columns>
<indexes itemClass="oracle.dbtools.crest.model.design.relational.Index">
<ind_PK_UK id="CB4EEB87-4CB8-CBCC-5F1A-79005E67A1DF" name="INVOICE_PK">
<createdBy>Tim</createdBy>
<createdTime>2016-10-19 23:47:25 UTC</createdTime>
<generatorID>A6990014-ABD2-5E37-08EA-9EE098EE64E3</generatorID>
<ownerDesignName>Rev D</ownerDesignName>
<pk>true</pk>
<indexState>Primary Constraint</indexState>
<isSurrogateKey>false</isSurrogateKey>
<indexColumnUsage>
<colUsage columnID="EF90B3CA-8871-74E3-8B26-800BEA1A13F6"/>
</indexColumnUsage>
</ind_PK_UK>
<ind_PK_UK id="DC5E4E05-3FE4-7E21-6F3A-99D8114DC4DD" name="appointment_invoice">
<createdBy>Tim</createdBy>
<createdTime>2016-10-19 23:47:25 UTC</createdTime>
<generatorID>3091E8C2-9681-4F99-DFB6-180757EFE6EB</generatorID>
<ownerDesignName>Rev D</ownerDesignName>
<indexState>Foreign Key</indexState>
<isSurrogateKey>false</isSurrogateKey>
<indexColumnUsage>
<colUsage columnID="5F4AC066-24FA-5C11-F182-3E4479F699EC"/>
</indexColumnUsage>
</ind_PK_UK>
</indexes>
</Table>