<?xml version = '1.0' encoding = 'UTF-8'?>
<Table class="oracle.dbtools.crest.model.design.relational.Table" directorySegmentName="seg_0" id="7A72704E-1C36-0635-79D6-EE26853606B1" name="INSURER">
<createdBy>Tim</createdBy>
<createdTime>2016-10-19 23:47:25 UTC</createdTime>
<generatorID>2871F80A-690B-0798-9EE0-38EAF77EA897</generatorID>
<ownerDesignName>Rev D</ownerDesignName>
<allowColumnReorder>false</allowColumnReorder>
<existDependencyGenerateInDDl>true</existDependencyGenerateInDDl>
<parsed>true</parsed>
<columns itemClass="oracle.dbtools.crest.model.design.relational.Column">
<Column name="insurer_code" id="A1A5191D-29C7-A90E-593D-239887F517DC">
<createdBy>Tim</createdBy>
<createdTime>2016-10-19 23:47:25 UTC</createdTime>
<commentInRDBMS>Insurer code. 5 character code. Primary key for the INSURER table.</commentInRDBMS>
<generatorID>A6BED70D-8417-D252-3905-28CC30CB76F4</generatorID>
<ownerDesignName>Rev D</ownerDesignName>
<constraintName>check_insurer_code</constraintName>
<useDomainConstraints>false</useDomainConstraints>
<use>1</use>
<logicalDatatype>LOGDT024</logicalDatatype>
<dataTypeSize>6</dataTypeSize>
<checkConstraint>
<implementationDef dbType="Oracle Database 11g" definition="REGEXP_LIKE(insurer_code,&apos;[[:alpha:]]{3}[[:digit:]]{3}&apos;)"/>
</checkConstraint>
<ownDataTypeParameters>6,,</ownDataTypeParameters>
<autoIncrementStartWith>1000</autoIncrementStartWith>
<autoIncrementCycle>false</autoIncrementCycle>
<autoIncrementGenerateTrigger>false</autoIncrementGenerateTrigger>
</Column>
<Column name="insurer_name" id="5A4824EF-31F8-06E7-4A5E-728A6976B45F">
<createdBy>Tim</createdBy>
<createdTime>2016-10-19 23:47:25 UTC</createdTime>
<commentInRDBMS>Insurer name. 100 character limit. Cannot be NULL.</commentInRDBMS>
<generatorID>1256E91F-DB56-A346-5C22-FAF53591B869</generatorID>
<ownerDesignName>Rev D</ownerDesignName>
<useDomainConstraints>false</useDomainConstraints>
<use>1</use>
<logicalDatatype>LOGDT024</logicalDatatype>
<dataTypeSize>100.</dataTypeSize>
<ownDataTypeParameters>100.,,</ownDataTypeParameters>
<autoIncrementCycle>false</autoIncrementCycle>
</Column>
<Column name="insurer_address" id="47B8F5BB-C648-60EA-9CE4-642462D81597">
<createdBy>Tim</createdBy>
<createdTime>2016-10-19 23:47:25 UTC</createdTime>
<commentInRDBMS>Insurer address. 150 character limit. Cannot be NULL.</commentInRDBMS>
<generatorID>1D2ED7B4-59E3-E4A9-E3D8-B1C5F3EA96AC</generatorID>
<ownerDesignName>Rev D</ownerDesignName>
<useDomainConstraints>false</useDomainConstraints>
<use>1</use>
<logicalDatatype>LOGDT024</logicalDatatype>
<dataTypeSize>150</dataTypeSize>
<ownDataTypeParameters>150,,</ownDataTypeParameters>
<autoIncrementCycle>false</autoIncrementCycle>
</Column>
<Column name="insurer_phone" id="500D535E-A57D-6C70-2409-9C6E91DE1733">
<createdBy>Tim</createdBy>
<createdTime>2016-10-19 23:47:25 UTC</createdTime>
<commentInRDBMS>Insurance company phone contact. 15 character limit. Cannot be NULL.</commentInRDBMS>
<generatorID>C4589FAD-F95E-7A4A-BD2E-20F0DA41B802</generatorID>
<ownerDesignName>Rev D</ownerDesignName>
<useDomainConstraints>false</useDomainConstraints>
<use>1</use>
<logicalDatatype>LOGDT024</logicalDatatype>
<dataTypeSize>15</dataTypeSize>
<ownDataTypeParameters>15,,</ownDataTypeParameters>
<autoIncrementCycle>false</autoIncrementCycle>
</Column>
<Column name="insurer_mtd" id="876A6A6D-30B4-85F6-73A5-7C873898134B">
<createdBy>Tim</createdBy>
<createdTime>2016-10-19 23:47:25 UTC</createdTime>
<commentInRDBMS>Payments made by the insurance company month to date. 9 digit number with 2 decimal places. Can be NULL.</commentInRDBMS>
<generatorID>3BFD1923-8BDF-6270-E30E-6698BB70E595</generatorID>
<ownerDesignName>Rev D</ownerDesignName>
<nullsAllowed>true</nullsAllowed>
<useDomainConstraints>false</useDomainConstraints>
<use>1</use>
<logicalDatatype>LOGDT019</logicalDatatype>
<dataTypePrecision>9</dataTypePrecision>
<dataTypeScale>2</dataTypeScale>
<ownDataTypeParameters>,9,2</ownDataTypeParameters>
<autoIncrementCycle>false</autoIncrementCycle>
</Column>
<Column name="insurer_ytd" id="EF5051F4-01A6-68C7-E974-43473F317309">
<createdBy>Tim</createdBy>
<createdTime>2016-10-19 23:47:25 UTC</createdTime>
<commentInRDBMS>Payments made by the insurance company year to date. 9 digit number with 2 decimal places. Can be NULL.</commentInRDBMS>
<generatorID>F3F632F2-62C9-E4C1-A025-CBB933032B38</generatorID>
<ownerDesignName>Rev D</ownerDesignName>
<nullsAllowed>true</nullsAllowed>
<useDomainConstraints>false</useDomainConstraints>
<use>1</use>
<logicalDatatype>LOGDT019</logicalDatatype>
<dataTypePrecision>9</dataTypePrecision>
<dataTypeScale>2</dataTypeScale>
<ownDataTypeParameters>,9,2</ownDataTypeParameters>
<autoIncrementCycle>false</autoIncrementCycle>
</Column>
</columns>
<indexes itemClass="oracle.dbtools.crest.model.design.relational.Index">
<ind_PK_UK id="376D01FD-E321-2FCA-299C-8B325BA44B06" name="INSURER_PK">
<createdBy>Tim</createdBy>
<createdTime>2016-10-19 23:47:25 UTC</createdTime>
<generatorID>887C188D-220E-BE80-7B6F-DD4D449C4CD0</generatorID>
<ownerDesignName>Rev D</ownerDesignName>
<pk>true</pk>
<indexState>Primary Constraint</indexState>
<isSurrogateKey>false</isSurrogateKey>
<indexColumnUsage>
<colUsage columnID="A1A5191D-29C7-A90E-593D-239887F517DC"/>
</indexColumnUsage>
</ind_PK_UK>
</indexes>
</Table>