<?xml version = '1.0' encoding = 'UTF-8'?>
<Table class="oracle.dbtools.crest.model.design.relational.Table" directorySegmentName="seg_0" id="A066EC01-8BA3-6624-9E2E-C6914D898139" name="PROVIDER_SERVICE">
<createdBy>Tim</createdBy>
<createdTime>2016-10-19 23:47:25 UTC</createdTime>
<generatorID>B31EF3D0-9CAB-5002-0AAF-845CFB02CD7B</generatorID>
<ownerDesignName>Rev D</ownerDesignName>
<allowColumnReorder>false</allowColumnReorder>
<existDependencyGenerateInDDl>true</existDependencyGenerateInDDl>
<parsed>true</parsed>
<columns itemClass="oracle.dbtools.crest.model.design.relational.Column">
<Column name="provider_code" id="8F1036CA-70BA-8E73-F7F8-B11DB72C6073">
<createdBy>Tim</createdBy>
<createdTime>2016-10-19 23:47:25 UTC</createdTime>
<commentInRDBMS>6 character code to uniquely identify the provider, made up of 3 letters followed by 3 numbers.</commentInRDBMS>
<generatorID>4027C6B0-4C78-8BCD-8C05-6B56AEFC7643</generatorID>
<ownerDesignName>Rev D</ownerDesignName>
<useDomainConstraints>false</useDomainConstraints>
<use>1</use>
<logicalDatatype>LOGDT024</logicalDatatype>
<dataTypeSize>6</dataTypeSize>
<ownDataTypeParameters>6,,</ownDataTypeParameters>
<previousColumn>false</previousColumn>
<autoIncrementCycle>false</autoIncrementCycle>
<associations>
<colAssociation fkAssociation="79492F3D-9A60-C743-F4E5-8B216EAC12E2" referredColumn="C64B3A3F-5C6C-F0E7-BB73-2E052ACFCFF8"/>
</associations>
</Column>
<Column name="service_code" id="FE13F6BB-4752-D57E-0EBC-83729613F6BA">
<createdBy>Tim</createdBy>
<createdTime>2016-10-19 23:47:25 UTC</createdTime>
<commentInRDBMS>4 digit code - code is only made of numbers so numeric value chosen. Primary key for SERVICE table</commentInRDBMS>
<generatorID>6B23F274-21FB-2561-5428-3DB5B8DE92BB</generatorID>
<ownerDesignName>Rev D</ownerDesignName>
<useDomainConstraints>false</useDomainConstraints>
<use>1</use>
<logicalDatatype>LOGDT019</logicalDatatype>
<dataTypePrecision>4</dataTypePrecision>
<ownDataTypeParameters>,4,</ownDataTypeParameters>
<previousColumn>false</previousColumn>
<autoIncrementCycle>false</autoIncrementCycle>
<associations>
<colAssociation fkAssociation="CBC00ACB-AC4D-8CF0-8CD2-349960A12A45" referredColumn="682D3F47-CEE7-B5B1-1654-F16C0386AB3C"/>
</associations>
</Column>
<Column name="service_fee" id="F45E0B60-4181-071D-F246-0891AA497F3A">
<createdBy>Tim</createdBy>
<createdTime>2016-10-19 23:47:25 UTC</createdTime>
<commentInRDBMS>Fee specific for the service provider combination. 7 digit number with 2 decimal places. Can be NULL.</commentInRDBMS>
<generatorID>0A60AD2D-201B-AE40-DA0B-94DED1F3F938</generatorID>
<ownerDesignName>Rev D</ownerDesignName>
<nullsAllowed>true</nullsAllowed>
<useDomainConstraints>false</useDomainConstraints>
<use>1</use>
<logicalDatatype>LOGDT019</logicalDatatype>
<dataTypePrecision>7</dataTypePrecision>
<dataTypeScale>2</dataTypeScale>
<ownDataTypeParameters>,7,2</ownDataTypeParameters>
<autoIncrementCycle>false</autoIncrementCycle>
</Column>
</columns>
<indexes itemClass="oracle.dbtools.crest.model.design.relational.Index">
<ind_PK_UK id="FCD8E48B-49E3-F688-F012-E38CB97B31FA" name="PROVIDER_SERVICE_PK">
<createdBy>Tim</createdBy>
<createdTime>2016-10-19 23:47:25 UTC</createdTime>
<generatorID>6A598753-0C88-BC56-B64C-3A9A1EC8E30A</generatorID>
<ownerDesignName>Rev D</ownerDesignName>
<pk>true</pk>
<indexState>Primary Constraint</indexState>
<isSurrogateKey>false</isSurrogateKey>
<indexColumnUsage>
<colUsage columnID="FE13F6BB-4752-D57E-0EBC-83729613F6BA"/>
<colUsage columnID="8F1036CA-70BA-8E73-F7F8-B11DB72C6073"/>
</indexColumnUsage>
</ind_PK_UK>
<ind_PK_UK id="A3A0B2D0-BCA1-C4C4-ED0B-80CC139DEBF0" name="provder_provider_service">
<createdBy>Tim</createdBy>
<createdTime>2016-10-19 23:47:25 UTC</createdTime>
<generatorID>C5A6A048-3CDC-A568-471E-CF2D76D982CD</generatorID>
<ownerDesignName>Rev D</ownerDesignName>
<indexState>Foreign Key</indexState>
<isSurrogateKey>false</isSurrogateKey>
<indexColumnUsage>
<colUsage columnID="8F1036CA-70BA-8E73-F7F8-B11DB72C6073"/>
</indexColumnUsage>
</ind_PK_UK>
<ind_PK_UK id="4AEF8137-0018-C602-5F0E-8BCFB43F7FDD" name="service_provider_service">
<createdBy>Tim</createdBy>
<createdTime>2016-10-19 23:47:25 UTC</createdTime>
<generatorID>7334F002-21AC-6DBC-ED47-C350EAEC70EC</generatorID>
<ownerDesignName>Rev D</ownerDesignName>
<indexState>Foreign Key</indexState>
<isSurrogateKey>false</isSurrogateKey>
<indexColumnUsage>
<colUsage columnID="FE13F6BB-4752-D57E-0EBC-83729613F6BA"/>
</indexColumnUsage>
</ind_PK_UK>
</indexes>
</Table>