<?xml version = '1.0' encoding = 'UTF-8'?>
<Table class="oracle.dbtools.crest.model.design.relational.Table" directorySegmentName="seg_0" id="D12A3CD9-AC4F-99D9-6786-B5EDA082B23E" name="PATIENT">
<createdBy>Tim</createdBy>
<createdTime>2016-10-19 23:47:25 UTC</createdTime>
<generatorID>F1266031-4B22-A8E3-D854-70AE1763B10F</generatorID>
<ownerDesignName>Rev D</ownerDesignName>
<allowColumnReorder>false</allowColumnReorder>
<existDependencyGenerateInDDl>true</existDependencyGenerateInDDl>
<parsed>true</parsed>
<columns itemClass="oracle.dbtools.crest.model.design.relational.Column">
<Column name="patient_num" id="EB1C3E2F-4513-32B5-97CE-2D7A5FB5E3A4">
<createdBy>Tim</createdBy>
<createdTime>2016-10-19 23:47:25 UTC</createdTime>
<commentInRDBMS>Patient number. 4 digit number. Primary key for PATIENT table. Auto increment from 1000.</commentInRDBMS>
<generatorID>6C6AE249-F914-B181-BDE2-3B4F85083BD8</generatorID>
<ownerDesignName>Rev D</ownerDesignName>
<useDomainConstraints>false</useDomainConstraints>
<use>1</use>
<logicalDatatype>LOGDT019</logicalDatatype>
<dataTypePrecision>4</dataTypePrecision>
<ownDataTypeParameters>,4,</ownDataTypeParameters>
<autoIncrementColumn>true</autoIncrementColumn>
<autoIncrementStartWith>1000</autoIncrementStartWith>
<autoIncrementCycle>false</autoIncrementCycle>
<autoIncrementGenerateTrigger>false</autoIncrementGenerateTrigger>
</Column>
<Column name="pat_fname" id="148C850F-1C7F-ECAC-E271-AA4CAF69F251">
<createdBy>Tim</createdBy>
<createdTime>2016-10-19 23:47:25 UTC</createdTime>
<commentInRDBMS>Patient first name. 50 Character limit. Cannot be NULL.</commentInRDBMS>
<generatorID>7C7A3652-D470-A04F-0C64-BF7764FAC1F3</generatorID>
<ownerDesignName>Rev D</ownerDesignName>
<useDomainConstraints>false</useDomainConstraints>
<use>1</use>
<logicalDatatype>LOGDT024</logicalDatatype>
<dataTypeSize>50</dataTypeSize>
<ownDataTypeParameters>50,,</ownDataTypeParameters>
<autoIncrementCycle>false</autoIncrementCycle>
</Column>
<Column name="pat_lname" id="F31DE542-7C78-AA45-6ACE-2BF00AA4EEC6">
<createdBy>Tim</createdBy>
<createdTime>2016-10-19 23:47:25 UTC</createdTime>
<commentInRDBMS>Patient last name. 50 character limit. Cannot be NULL.</commentInRDBMS>
<generatorID>DBC1F7C8-CB33-4F2C-93F0-DF4FFB8C6FF3</generatorID>
<ownerDesignName>Rev D</ownerDesignName>
<useDomainConstraints>false</useDomainConstraints>
<use>1</use>
<logicalDatatype>LOGDT024</logicalDatatype>
<dataTypeSize>50</dataTypeSize>
<ownDataTypeParameters>50,,</ownDataTypeParameters>
<autoIncrementCycle>false</autoIncrementCycle>
</Column>
<Column name="pat_dob" id="42DE06FA-49B0-51B6-C359-EE77D2F3A8DB">
<createdBy>Tim</createdBy>
<createdTime>2016-10-19 23:47:25 UTC</createdTime>
<commentInRDBMS>Patients date of birth. Cannot be NULL.</commentInRDBMS>
<generatorID>624EB6A8-64E0-3E7F-D8E4-8B35B8836DF4</generatorID>
<ownerDesignName>Rev D</ownerDesignName>
<useDomainConstraints>false</useDomainConstraints>
<use>1</use>
<logicalDatatype>LOGDT007</logicalDatatype>
<ownDataTypeParameters>,,</ownDataTypeParameters>
<autoIncrementCycle>false</autoIncrementCycle>
</Column>
<Column name="pat_address" id="42962C08-AD55-2FA4-60FA-E1530593D61A">
<createdBy>Tim</createdBy>
<createdTime>2016-10-19 23:47:25 UTC</createdTime>
<commentInRDBMS>Patient address. Canno tbe NULL. 150 character limit.</commentInRDBMS>
<generatorID>1DE79C23-7F6C-8683-2D52-AA27D854D5AA</generatorID>
<ownerDesignName>Rev D</ownerDesignName>
<useDomainConstraints>false</useDomainConstraints>
<use>1</use>
<logicalDatatype>LOGDT024</logicalDatatype>
<dataTypeSize>150</dataTypeSize>
<ownDataTypeParameters>150,,</ownDataTypeParameters>
<autoIncrementCycle>false</autoIncrementCycle>
</Column>
<Column name="pat_phone" id="6981A967-ACE2-D4E0-2B36-82F6F0E25F40">
<createdBy>Tim</createdBy>
<createdTime>2016-10-19 23:47:25 UTC</createdTime>
<commentInRDBMS>Patients contact phone number. 15 character limit. Cannot be NULL.</commentInRDBMS>
<generatorID>C2151F18-A57A-9CB3-9C0B-498FFC38F0B3</generatorID>
<ownerDesignName>Rev D</ownerDesignName>
<useDomainConstraints>false</useDomainConstraints>
<use>1</use>
<logicalDatatype>LOGDT024</logicalDatatype>
<dataTypeSize>15</dataTypeSize>
<ownDataTypeParameters>15,,</ownDataTypeParameters>
<autoIncrementCycle>false</autoIncrementCycle>
</Column>
<Column name="insurer_mtd" id="7E911ADB-F697-A414-F4B1-1E7F39B2A527">
<createdBy>Tim</createdBy>
<createdTime>2016-10-19 23:47:25 UTC</createdTime>
<commentInRDBMS>Insurance payment month to date for the patient. 9 digit number, two decimal places. Can be NULL.</commentInRDBMS>
<generatorID>960459CA-FF65-B7A5-EF2A-5C6B8094B978</generatorID>
<ownerDesignName>Rev D</ownerDesignName>
<nullsAllowed>true</nullsAllowed>
<useDomainConstraints>false</useDomainConstraints>
<use>1</use>
<logicalDatatype>LOGDT019</logicalDatatype>
<dataTypePrecision>9</dataTypePrecision>
<dataTypeScale>2</dataTypeScale>
<ownDataTypeParameters>,9,2</ownDataTypeParameters>
<autoIncrementCycle>false</autoIncrementCycle>
</Column>
<Column name="insurer_ytd" id="3C294A50-F7D0-79F8-852A-A37DB1EB9077">
<createdBy>Tim</createdBy>
<createdTime>2016-10-19 23:47:25 UTC</createdTime>
<commentInRDBMS>Insurance payments year to date for the patient. 9 digit number with 2 decimal places. Can be NULL.</commentInRDBMS>
<generatorID>B50F4415-9858-35DA-57AF-17ECE53183EC</generatorID>
<ownerDesignName>Rev D</ownerDesignName>
<nullsAllowed>true</nullsAllowed>
<useDomainConstraints>false</useDomainConstraints>
<use>1</use>
<logicalDatatype>LOGDT019</logicalDatatype>
<dataTypePrecision>9</dataTypePrecision>
<dataTypeScale>2</dataTypeScale>
<ownDataTypeParameters>,9,2</ownDataTypeParameters>
<autoIncrementCycle>false</autoIncrementCycle>
</Column>
<Column name="insurer_code" id="304A6A2A-7481-AA27-7997-B223F6F4695A">
<createdBy>Tim</createdBy>
<createdTime>2016-10-19 23:47:25 UTC</createdTime>
<commentInRDBMS>Insurer code. 5 character code. Primary key for the INSURER table.</commentInRDBMS>
<generatorID>3CCAFEDF-CD67-8887-9AD1-1FCDB68BC1F3</generatorID>
<ownerDesignName>Rev D</ownerDesignName>
<nullsAllowed>true</nullsAllowed>
<useDomainConstraints>false</useDomainConstraints>
<use>1</use>
<logicalDatatype>LOGDT024</logicalDatatype>
<dataTypeSize>6</dataTypeSize>
<ownDataTypeParameters>6,,</ownDataTypeParameters>
<previousColumn>false</previousColumn>
<autoIncrementCycle>false</autoIncrementCycle>
<associations>
<colAssociation fkAssociation="79827BFB-7A17-3B5C-710B-232293DDFA02" referredColumn="A1A5191D-29C7-A90E-593D-239887F517DC"/>
</associations>
</Column>
</columns>
<indexes itemClass="oracle.dbtools.crest.model.design.relational.Index">
<ind_PK_UK id="22E99A15-EB56-D466-B0E1-37C6F222F166" name="PATIENT_PK">
<createdBy>Tim</createdBy>
<createdTime>2016-10-19 23:47:25 UTC</createdTime>
<generatorID>4EC3A693-6863-D332-4278-8278F1DF7708</generatorID>
<ownerDesignName>Rev D</ownerDesignName>
<pk>true</pk>
<indexState>Primary Constraint</indexState>
<isSurrogateKey>false</isSurrogateKey>
<indexColumnUsage>
<colUsage columnID="EB1C3E2F-4513-32B5-97CE-2D7A5FB5E3A4"/>
</indexColumnUsage>
</ind_PK_UK>
<ind_PK_UK id="0B00227B-9B91-E89C-F9A4-973482911D72" name="insurer_patient">
<createdBy>Tim</createdBy>
<createdTime>2016-10-19 23:47:25 UTC</createdTime>
<generatorID>F66EFD35-E21F-452C-2610-D02756519B75</generatorID>
<ownerDesignName>Rev D</ownerDesignName>
<indexState>Foreign Key</indexState>
<isSurrogateKey>false</isSurrogateKey>
<indexColumnUsage>
<colUsage columnID="304A6A2A-7481-AA27-7997-B223F6F4695A"/>
</indexColumnUsage>
</ind_PK_UK>
</indexes>
</Table>