<?xml version = '1.0' encoding = 'UTF-8'?>
<Table class="oracle.dbtools.crest.model.design.relational.Table" directorySegmentName="seg_0" id="EA468ED0-1E9C-2EB1-B1E4-9D6B0B4BF7A0" name="APMT">
<createdBy>Tim</createdBy>
<createdTime>2016-10-19 23:47:25 UTC</createdTime>
<generatorID>51EBA143-51FA-2482-8907-6C1A1B3A4271</generatorID>
<ownerDesignName>Rev D</ownerDesignName>
<ordsAlias>appointment</ordsAlias>
<allowColumnReorder>false</allowColumnReorder>
<existDependencyGenerateInDDl>true</existDependencyGenerateInDDl>
<parsed>true</parsed>
<columns itemClass="oracle.dbtools.crest.model.design.relational.Column">
<Column name="app_num" id="2DC1751F-63A6-3CD7-5966-2CED662221AA">
<createdBy>Tim</createdBy>
<createdTime>2016-10-19 23:47:25 UTC</createdTime>
<commentInRDBMS>Appointment number. 4 digit number. Primary key for the APPOINTMENT table.</commentInRDBMS>
<generatorID>474D6F5E-C41E-81EA-8675-E91FE0EC36B5</generatorID>
<ownerDesignName>Rev D</ownerDesignName>
<useDomainConstraints>false</useDomainConstraints>
<use>1</use>
<logicalDatatype>LOGDT019</logicalDatatype>
<dataTypePrecision>4</dataTypePrecision>
<ownDataTypeParameters>,4,</ownDataTypeParameters>
<autoIncrementColumn>true</autoIncrementColumn>
<autoIncrementStartWith>1000</autoIncrementStartWith>
<autoIncrementCycle>false</autoIncrementCycle>
<autoIncrementGenerateTrigger>false</autoIncrementGenerateTrigger>
</Column>
<Column name="patient_num" id="9F497A58-BEA9-20CF-A53D-E480E0375000">
<createdBy>Tim</createdBy>
<createdTime>2016-10-19 23:47:25 UTC</createdTime>
<commentInRDBMS>Patient number. 4 digit number. Primary key for PATIENT table. Auto increment from 1000.</commentInRDBMS>
<generatorID>E8D99959-4D78-34A8-7A54-765A1DF1728D</generatorID>
<ownerDesignName>Rev D</ownerDesignName>
<useDomainConstraints>false</useDomainConstraints>
<use>1</use>
<logicalDatatype>LOGDT019</logicalDatatype>
<dataTypePrecision>4</dataTypePrecision>
<ownDataTypeParameters>,,</ownDataTypeParameters>
<previousColumn>false</previousColumn>
<autoIncrementCycle>false</autoIncrementCycle>
<associations>
<colAssociation fkAssociation="B50818A3-A422-42D9-FD06-F46C244421F0" referredColumn="EB1C3E2F-4513-32B5-97CE-2D7A5FB5E3A4"/>
</associations>
</Column>
<Column name="provider_code" id="D1E70D95-E9D0-1FE1-26EB-E295426731E1">
<createdBy>Tim</createdBy>
<createdTime>2016-10-20 07:48:06 UTC</createdTime>
<commentInRDBMS>6 character code to uniquely identify the provider, made up of 3 letters followed by 3 numbers.</commentInRDBMS>
<generatorID>4E9EFE1B-6B64-542E-3CEC-5008F47ACD26</generatorID>
<ownerDesignName>Rev D</ownerDesignName>
<useDomainConstraints>false</useDomainConstraints>
<use>1</use>
<logicalDatatype>LOGDT024</logicalDatatype>
<dataTypeSize>6</dataTypeSize>
<ownDataTypeParameters>,,</ownDataTypeParameters>
<previousColumn>false</previousColumn>
<autoIncrementCycle>false</autoIncrementCycle>
<associations>
<colAssociation fkAssociation="AAAEAAF4-5F23-C75C-9F18-A8A9C0AFA6BF" referredColumn="C64B3A3F-5C6C-F0E7-BB73-2E052ACFCFF8"/>
</associations>
</Column>
<Column name="nurse_number" id="1CE81362-C26D-4A54-D929-FC5F0E2B68C0">
<createdBy>Tim</createdBy>
<createdTime>2016-10-19 23:47:25 UTC</createdTime>
<commentInRDBMS>Nurse number. 4 digit number. Primary key for NURSE table.</commentInRDBMS>
<generatorID>2523ADB6-BF21-1DD7-5645-273B0334E259</generatorID>
<ownerDesignName>Rev D</ownerDesignName>
<useDomainConstraints>false</useDomainConstraints>
<use>1</use>
<logicalDatatype>LOGDT019</logicalDatatype>
<dataTypePrecision>4</dataTypePrecision>
<ownDataTypeParameters>,,</ownDataTypeParameters>
<previousColumn>false</previousColumn>
<autoIncrementCycle>false</autoIncrementCycle>
<associations>
<colAssociation fkAssociation="1C0ECC63-2D93-6A48-7EFD-40AF9B310120" referredColumn="8C42B536-B59E-C5BF-DB4E-D3C2D49C30CC"/>
</associations>
</Column>
<Column name="app_datetime" id="4D544A2D-8183-8AF5-DB7E-F7B2085C4555">
<createdBy>Tim</createdBy>
<createdTime>2016-10-19 23:47:25 UTC</createdTime>
<commentInRDBMS>Appointment date and time. Cannot be NULL.</commentInRDBMS>
<generatorID>04F39F09-7F5D-AB9F-5291-F9F1AA8D085D</generatorID>
<ownerDesignName>Rev D</ownerDesignName>
<useDomainConstraints>false</useDomainConstraints>
<use>1</use>
<logicalDatatype>LOGDT007</logicalDatatype>
<ownDataTypeParameters>,,</ownDataTypeParameters>
<autoIncrementCycle>false</autoIncrementCycle>
</Column>
<Column name="app_room" id="B944D25F-F3A3-A6DB-0B01-5BCA71FE19E1">
<createdBy>Tim</createdBy>
<createdTime>2016-10-19 23:47:25 UTC</createdTime>
<commentInRDBMS>Room number for the appointment. 3 digit. Cannot be Null. Constrained to rooms at the surgery.</commentInRDBMS>
<generatorID>0C8F2677-CA77-4DE4-BE54-1E35ADB5EF80</generatorID>
<ownerDesignName>Rev D</ownerDesignName>
<useDomainConstraints>false</useDomainConstraints>
<use>1</use>
<logicalDatatype>LOGDT019</logicalDatatype>
<dataTypePrecision>3</dataTypePrecision>
<listOfValues>
<valueDef value="101" description="Room 101"/>
<valueDef value="102" description="Room 102"/>
<valueDef value="103" description="Room 103"/>
<valueDef value="104" description="Room 104"/>
<valueDef value="105" description="Room 105"/>
<valueDef value="201" description="Room 201"/>
<valueDef value="202" description="Room 202"/>
</listOfValues>
<ownDataTypeParameters>,3,</ownDataTypeParameters>
<autoIncrementCycle>false</autoIncrementCycle>
</Column>
<Column name="app_len" id="217AD19B-33B9-E2CF-4A92-A924F9BAA189">
<createdBy>Tim</createdBy>
<createdTime>2016-10-19 23:47:25 UTC</createdTime>
<commentInRDBMS>Appointment length. 10 character limit. Cannot be NULL. Constrained to short, standard or long.</commentInRDBMS>
<generatorID>D91EEF07-8248-53E5-F12B-8F3657FC5AF3</generatorID>
<ownerDesignName>Rev D</ownerDesignName>
<constraintName>check_app_len</constraintName>
<useDomainConstraints>false</useDomainConstraints>
<use>1</use>
<logicalDatatype>LOGDT024</logicalDatatype>
<dataTypeSize>10</dataTypeSize>
<listOfValues>
<valueDef value="long" description="Long length appointment."/>
<valueDef value="short" description="Short length appointment."/>
<valueDef value="standard" description="Standard length appointment."/>
</listOfValues>
<ownDataTypeParameters>10,,</ownDataTypeParameters>
<autoIncrementCycle>false</autoIncrementCycle>
</Column>
<Column name="follow_up_app" id="BC10B7C9-FF41-7127-74A9-3A6C8DA270C1">
<createdBy>Tim</createdBy>
<createdTime>2016-10-20 04:19:33 UTC</createdTime>
<commentInRDBMS>Appointment number. 4 digit number. Primary key for the APPOINTMENT table.</commentInRDBMS>
<generatorID>92617CF7-DAFF-E540-7714-6276D47EBBBE</generatorID>
<ownerDesignName>Rev D</ownerDesignName>
<nullsAllowed>true</nullsAllowed>
<useDomainConstraints>false</useDomainConstraints>
<use>1</use>
<logicalDatatype>LOGDT019</logicalDatatype>
<dataTypePrecision>4</dataTypePrecision>
<ownDataTypeParameters>,,</ownDataTypeParameters>
<previousColumn>false</previousColumn>
<autoIncrementCycle>false</autoIncrementCycle>
<associations>
<colAssociation fkAssociation="0DB71EE0-95F2-37DC-827B-0B56971F7C64" referredColumn="2DC1751F-63A6-3CD7-5966-2CED662221AA"/>
</associations>
</Column>
</columns>
<indexes itemClass="oracle.dbtools.crest.model.design.relational.Index">
<ind_PK_UK id="DF0189E7-E078-E20F-7753-93451184D3D5" name="APPOINTMENT_PK">
<createdBy>Tim</createdBy>
<createdTime>2016-10-19 23:47:25 UTC</createdTime>
<generatorID>FDF1217C-6AF0-3A09-A603-ADB597CB1DDF</generatorID>
<ownerDesignName>Rev D</ownerDesignName>
<pk>true</pk>
<indexState>Primary Constraint</indexState>
<isSurrogateKey>false</isSurrogateKey>
<indexColumnUsage>
<colUsage columnID="2DC1751F-63A6-3CD7-5966-2CED662221AA"/>
</indexColumnUsage>
</ind_PK_UK>
<ind_PK_UK id="306419F9-0A38-9B1D-F250-0B0640BF4CE5" name="APPOINTMENT__IDX">
<createdBy>Tim</createdBy>
<createdTime>2016-10-20 04:19:33 UTC</createdTime>
<ownerDesignName>Rev D</ownerDesignName>
<indexState>Unique Plain Index</indexState>
<isSurrogateKey>false</isSurrogateKey>
<relationGeneratorID>2E26DF2F-EBF4-BA20-B70F-8D83BBFD567E</relationGeneratorID>
<indexColumnUsage>
<colUsage columnID="BC10B7C9-FF41-7127-74A9-3A6C8DA270C1"/>
</indexColumnUsage>
</ind_PK_UK>
<ind_PK_UK id="E2960C47-8544-C767-8C93-DD987055A95A" name="nurse_appointment">
<createdBy>Tim</createdBy>
<createdTime>2016-10-19 23:47:25 UTC</createdTime>
<generatorID>4D505CE8-BF2D-CD5C-10A2-84636BA0AB21</generatorID>
<ownerDesignName>Rev D</ownerDesignName>
<indexState>Foreign Key</indexState>
<isSurrogateKey>false</isSurrogateKey>
<indexColumnUsage>
<colUsage columnID="1CE81362-C26D-4A54-D929-FC5F0E2B68C0"/>
</indexColumnUsage>
</ind_PK_UK>
<ind_PK_UK id="D7CCE929-D285-A703-A0F9-2CE6604053A7" name="patient_appointment">
<createdBy>Tim</createdBy>
<createdTime>2016-10-19 23:47:25 UTC</createdTime>
<generatorID>433D3B09-8C64-45FF-F48D-BC1D9A3417E9</generatorID>
<ownerDesignName>Rev D</ownerDesignName>
<indexState>Foreign Key</indexState>
<isSurrogateKey>false</isSurrogateKey>
<indexColumnUsage>
<colUsage columnID="9F497A58-BEA9-20CF-A53D-E480E0375000"/>
</indexColumnUsage>
</ind_PK_UK>
<ind_PK_UK id="6D9BFB8A-568F-6CF8-546A-BBF34B6A79B6" name="Relation_13">
<createdBy>Tim</createdBy>
<createdTime>2016-10-20 04:19:33 UTC</createdTime>
<generatorID>2E26DF2F-EBF4-BA20-B70F-8D83BBFD567E</generatorID>
<ownerDesignName>Rev D</ownerDesignName>
<indexState>Foreign Key</indexState>
<isSurrogateKey>false</isSurrogateKey>
<indexColumnUsage>
<colUsage columnID="BC10B7C9-FF41-7127-74A9-3A6C8DA270C1"/>
</indexColumnUsage>
</ind_PK_UK>
<ind_PK_UK id="A6B6DD6B-5030-0C56-7D75-E263B0B0A9C4" name="provider_app">
<createdBy>Tim</createdBy>
<createdTime>2016-10-20 07:48:06 UTC</createdTime>
<generatorID>15FB0A12-2D5A-40EE-8689-C1B0AB08C998</generatorID>
<ownerDesignName>Rev D</ownerDesignName>
<indexState>Foreign Key</indexState>
<isSurrogateKey>false</isSurrogateKey>
<indexColumnUsage>
<colUsage columnID="D1E70D95-E9D0-1FE1-26EB-E295426731E1"/>
</indexColumnUsage>
</ind_PK_UK>
</indexes>
</Table>