<?xml version = '1.0' encoding = 'UTF-8'?>
<Entity class="oracle.dbtools.crest.model.design.logical.Entity" directorySegmentName="seg_0" id="21A7C165-8599-D31C-BD0D-2CE16FDF90D7" name="PROVIDER_TYPE">
<createdBy>tric0003</createdBy>
<createdTime>2016-10-19 10:38:05 UTC</createdTime>
<ownerDesignName>Rev D</ownerDesignName>
<importedID>E54A5425-D995-C617-D97A-4F7964E11885</importedID>
<engineerTo>
<item key="2A42D850-9DF4-78B6-CB0C-7E548DB33D7A" value="true"/>
</engineerTo>
<adequatelyNormalized>NO</adequatelyNormalized>
<expectedVolumes>0</expectedVolumes>
<fwdEngineeringStrategyName>Single Table</fwdEngineeringStrategyName>
<growthPercent>0</growthPercent>
<growthType>Year</growthType>
<maxVolumes>9999999</maxVolumes>
<minVolumes>0</minVolumes>
<normalForm>Third</normalForm>
<attributes itemClass="oracle.dbtools.crest.model.design.logical.Attribute">
<Attribute name="provider_type_id" id="A1C5A98F-EC0B-8CBC-6500-5043C395191A">
<createdBy>tric0003</createdBy>
<createdTime>2016-10-19 10:38:05 UTC</createdTime>
<commentInRDBMS>Provider type code. 2 digit number. Primary key for PROVIDER TYPE.</commentInRDBMS>
<ownerDesignName>Rev D</ownerDesignName>
<importedID>72DBCCDA-F29D-C7A1-C885-60D763764493</importedID>
<engineerTo>
<item key="2A42D850-9DF4-78B6-CB0C-7E548DB33D7A" value="true"/>
</engineerTo>
<useDomainConstraints>false</useDomainConstraints>
<use>1</use>
<logicalDatatype>LOGDT019</logicalDatatype>
<dataTypePrecision>5</dataTypePrecision>
<ownDataTypeParameters>,5,</ownDataTypeParameters>
</Attribute>
<Attribute name="provider_type_name" id="1480F806-7B9D-5877-55C3-2B3571B5D459">
<createdBy>tric0003</createdBy>
<createdTime>2016-10-19 10:38:05 UTC</createdTime>
<commentInRDBMS>Provider type name. 50 character limite. Cannot be NULL.</commentInRDBMS>
<ownerDesignName>Rev D</ownerDesignName>
<importedID>0290E858-2C3A-9B9C-B557-C97212E58296</importedID>
<engineerTo>
<item key="2A42D850-9DF4-78B6-CB0C-7E548DB33D7A" value="true"/>
</engineerTo>
<useDomainConstraints>false</useDomainConstraints>
<use>1</use>
<logicalDatatype>LOGDT024</logicalDatatype>
<dataTypeSize>50</dataTypeSize>
<ownDataTypeParameters>50,,</ownDataTypeParameters>
</Attribute>
</attributes>
<identifiers itemClass="oracle.dbtools.crest.model.design.logical.CandidateKey">
<identifier id="5AE76519-A1B8-0EE0-3201-687D876C2ED9" name="PROVIDER_TYPE PK">
<createdBy>tric0003</createdBy>
<createdTime>2016-10-19 10:38:05 UTC</createdTime>
<ownerDesignName>Rev D</ownerDesignName>
<shouldEngineer>false</shouldEngineer>
<importedID>187858A1-C497-B614-D426-19747B429ABC</importedID>
<engineerTo>
<item key="2A42D850-9DF4-78B6-CB0C-7E548DB33D7A" value="false"/>
</engineerTo>
<pk>true</pk>
<usedAttributes>
<attributeRef>A1C5A98F-EC0B-8CBC-6500-5043C395191A</attributeRef>
</usedAttributes>
</identifier>
</identifiers>
</Entity>