<?xml version = '1.0' encoding = 'UTF-8'?>
<Entity class="oracle.dbtools.crest.model.design.logical.Entity" directorySegmentName="seg_0" id="2871F80A-690B-0798-9EE0-38EAF77EA897" name="INSURER">
<createdBy>tric0003</createdBy>
<createdTime>2016-10-19 10:38:05 UTC</createdTime>
<ownerDesignName>Rev D</ownerDesignName>
<importedID>71F96845-C99B-0D1A-8D91-3114B4971B87</importedID>
<engineerTo>
<item key="2A42D850-9DF4-78B6-CB0C-7E548DB33D7A" value="true"/>
</engineerTo>
<adequatelyNormalized>NO</adequatelyNormalized>
<expectedVolumes>0</expectedVolumes>
<fwdEngineeringStrategyName>Single Table</fwdEngineeringStrategyName>
<growthPercent>0</growthPercent>
<growthType>Year</growthType>
<maxVolumes>9999999</maxVolumes>
<minVolumes>0</minVolumes>
<normalForm>Third</normalForm>
<attributes itemClass="oracle.dbtools.crest.model.design.logical.Attribute">
<Attribute name="insurer_code" id="A6BED70D-8417-D252-3905-28CC30CB76F4">
<createdBy>tric0003</createdBy>
<createdTime>2016-10-19 10:38:05 UTC</createdTime>
<commentInRDBMS>Insurer code. 5 character code. Primary key for the INSURER table.</commentInRDBMS>
<ownerDesignName>Rev D</ownerDesignName>
<importedID>B92550AC-AD79-8205-27FC-0D7908B0FDAC</importedID>
<engineerTo>
<item key="2A42D850-9DF4-78B6-CB0C-7E548DB33D7A" value="true"/>
</engineerTo>
<constraintName>check_insurer_code</constraintName>
<useDomainConstraints>false</useDomainConstraints>
<use>1</use>
<logicalDatatype>LOGDT024</logicalDatatype>
<dataTypeSize>6</dataTypeSize>
<checkConstraint>
<implementationDef dbType="Oracle Database 11g" definition="REGEXP_LIKE(insurer_code,&apos;[[:alpha:]]{3}[[:digit:]]{3}&apos;)"/>
</checkConstraint>
<ownDataTypeParameters>6,,</ownDataTypeParameters>
</Attribute>
<Attribute name="insurer_name" id="1256E91F-DB56-A346-5C22-FAF53591B869">
<createdBy>tric0003</createdBy>
<createdTime>2016-10-19 10:38:05 UTC</createdTime>
<commentInRDBMS>Insurer name. 100 character limit. Cannot be NULL.</commentInRDBMS>
<ownerDesignName>Rev D</ownerDesignName>
<importedID>ACF08E37-D7A2-3F32-0804-3CDE47D5D6D4</importedID>
<engineerTo>
<item key="2A42D850-9DF4-78B6-CB0C-7E548DB33D7A" value="true"/>
</engineerTo>
<useDomainConstraints>false</useDomainConstraints>
<use>1</use>
<logicalDatatype>LOGDT024</logicalDatatype>
<dataTypeSize>100.</dataTypeSize>
<ownDataTypeParameters>100.,,</ownDataTypeParameters>
</Attribute>
<Attribute name="insurer_address" id="1D2ED7B4-59E3-E4A9-E3D8-B1C5F3EA96AC">
<createdBy>tric0003</createdBy>
<createdTime>2016-10-19 10:38:05 UTC</createdTime>
<commentInRDBMS>Insurer address. 150 character limit. Cannot be NULL.</commentInRDBMS>
<ownerDesignName>Rev D</ownerDesignName>
<importedID>F6BD246B-FAAE-982D-480B-90246E9D2F9A</importedID>
<engineerTo>
<item key="2A42D850-9DF4-78B6-CB0C-7E548DB33D7A" value="true"/>
</engineerTo>
<useDomainConstraints>false</useDomainConstraints>
<use>1</use>
<logicalDatatype>LOGDT024</logicalDatatype>
<dataTypeSize>150</dataTypeSize>
<ownDataTypeParameters>150,,</ownDataTypeParameters>
</Attribute>
<Attribute name="insurer_phone" id="C4589FAD-F95E-7A4A-BD2E-20F0DA41B802">
<createdBy>tric0003</createdBy>
<createdTime>2016-10-19 10:38:05 UTC</createdTime>
<commentInRDBMS>Insurance company phone contact. 15 character limit. Cannot be NULL.</commentInRDBMS>
<ownerDesignName>Rev D</ownerDesignName>
<importedID>1CDCC5AF-29EC-5F24-630C-CFB73840E31A</importedID>
<engineerTo>
<item key="2A42D850-9DF4-78B6-CB0C-7E548DB33D7A" value="true"/>
</engineerTo>
<useDomainConstraints>false</useDomainConstraints>
<use>1</use>
<logicalDatatype>LOGDT024</logicalDatatype>
<dataTypeSize>15</dataTypeSize>
<ownDataTypeParameters>15,,</ownDataTypeParameters>
</Attribute>
<Attribute name="insurer_mtd" id="3BFD1923-8BDF-6270-E30E-6698BB70E595">
<createdBy>tric0003</createdBy>
<createdTime>2016-10-19 10:38:05 UTC</createdTime>
<commentInRDBMS>Payments made by the insurance company month to date. 9 digit number with 2 decimal places. Can be NULL.</commentInRDBMS>
<ownerDesignName>Rev D</ownerDesignName>
<importedID>0463F2DB-668B-0B39-0F6E-AD30693A1690</importedID>
<engineerTo>
<item key="2A42D850-9DF4-78B6-CB0C-7E548DB33D7A" value="true"/>
</engineerTo>
<nullsAllowed>true</nullsAllowed>
<useDomainConstraints>false</useDomainConstraints>
<use>1</use>
<logicalDatatype>LOGDT019</logicalDatatype>
<dataTypePrecision>9</dataTypePrecision>
<dataTypeScale>2</dataTypeScale>
<ownDataTypeParameters>,9,2</ownDataTypeParameters>
</Attribute>
<Attribute name="insurer_ytd" id="F3F632F2-62C9-E4C1-A025-CBB933032B38">
<createdBy>tric0003</createdBy>
<createdTime>2016-10-19 10:38:05 UTC</createdTime>
<commentInRDBMS>Payments made by the insurance company year to date. 9 digit number with 2 decimal places. Can be NULL.</commentInRDBMS>
<ownerDesignName>Rev D</ownerDesignName>
<importedID>AF6D6B8B-3BA4-F9C7-AC7F-4CE8E4CBA2C5</importedID>
<engineerTo>
<item key="2A42D850-9DF4-78B6-CB0C-7E548DB33D7A" value="true"/>
</engineerTo>
<nullsAllowed>true</nullsAllowed>
<useDomainConstraints>false</useDomainConstraints>
<use>1</use>
<logicalDatatype>LOGDT019</logicalDatatype>
<dataTypePrecision>9</dataTypePrecision>
<dataTypeScale>2</dataTypeScale>
<ownDataTypeParameters>,9,2</ownDataTypeParameters>
</Attribute>
</attributes>
<identifiers itemClass="oracle.dbtools.crest.model.design.logical.CandidateKey">
<identifier id="887C188D-220E-BE80-7B6F-DD4D449C4CD0" name="INSURER PK">
<createdBy>tric0003</createdBy>
<createdTime>2016-10-19 10:38:05 UTC</createdTime>
<ownerDesignName>Rev D</ownerDesignName>
<shouldEngineer>false</shouldEngineer>
<importedID>4DBCAE92-E171-06B5-9FFC-BE05BE01B585</importedID>
<engineerTo>
<item key="2A42D850-9DF4-78B6-CB0C-7E548DB33D7A" value="false"/>
</engineerTo>
<pk>true</pk>
<usedAttributes>
<attributeRef>A6BED70D-8417-D252-3905-28CC30CB76F4</attributeRef>
</usedAttributes>
</identifier>
</identifiers>
</Entity>