<?xml version = '1.0' encoding = 'UTF-8'?>
<Entity class="oracle.dbtools.crest.model.design.logical.Entity" directorySegmentName="seg_0" id="2E36C946-B3F7-B55B-2BA6-B81D9FF68355" name="APP_SERVICE">
<createdBy>tric0003</createdBy>
<createdTime>2016-10-19 10:38:05 UTC</createdTime>
<ownerDesignName>Rev D</ownerDesignName>
<importedID>D5A055FB-A5F7-9D12-B107-A75EC7F96966</importedID>
<engineerTo>
<item key="2A42D850-9DF4-78B6-CB0C-7E548DB33D7A" value="true"/>
</engineerTo>
<adequatelyNormalized>NO</adequatelyNormalized>
<expectedVolumes>0</expectedVolumes>
<fwdEngineeringStrategyName>Single Table</fwdEngineeringStrategyName>
<growthPercent>0</growthPercent>
<growthType>Year</growthType>
<maxVolumes>9999999</maxVolumes>
<minVolumes>0</minVolumes>
<normalForm>Third</normalForm>
<attributes itemClass="oracle.dbtools.crest.model.design.logical.Attribute">
<Attribute name="app_num" id="A5EEBB39-0B20-A202-C0D6-4E4F9495580B">
<createdBy>Tim</createdBy>
<createdTime>2016-10-19 23:29:05 UTC</createdTime>
<commentInRDBMS>Appointment number. 4 digit number. Primary key for the APPOINTMENT table.</commentInRDBMS>
<generatorID>72109CDB-41DB-F7B6-3CAF-B500454F98F8</generatorID>
<ownerDesignName>Rev D</ownerDesignName>
<engineerTo>
<item key="2A42D850-9DF4-78B6-CB0C-7E548DB33D7A" value="true"/>
</engineerTo>
<referedAttribute>474D6F5E-C41E-81EA-8675-E91FE0EC36B5</referedAttribute>
<useDomainConstraints>false</useDomainConstraints>
<use>1</use>
<logicalDatatype>LOGDT019</logicalDatatype>
<dataTypePrecision>4</dataTypePrecision>
<ownDataTypeParameters>,,</ownDataTypeParameters>
</Attribute>
<Attribute name="service_code" id="8319F203-795E-5D66-FA60-A1D3AA03AC38">
<createdBy>Tim</createdBy>
<createdTime>2016-10-19 23:26:17 UTC</createdTime>
<commentInRDBMS>4 digit code - code is only made of numbers so numeric value chosen. Primary key for SERVICE table</commentInRDBMS>
<generatorID>E060DD93-61BC-A63A-C2D0-FB12E31F3C9C</generatorID>
<ownerDesignName>Rev D</ownerDesignName>
<engineerTo>
<item key="2A42D850-9DF4-78B6-CB0C-7E548DB33D7A" value="true"/>
</engineerTo>
<referedAttribute>3B25F0C9-4E01-CEB4-ABA4-27436D6D4459</referedAttribute>
<useDomainConstraints>false</useDomainConstraints>
<use>1</use>
<logicalDatatype>LOGDT019</logicalDatatype>
<dataTypePrecision>4</dataTypePrecision>
<ownDataTypeParameters>,4,</ownDataTypeParameters>
</Attribute>
<Attribute name="charged_fee" id="80D16CC8-8C3A-B82C-4DE6-78616363C378">
<createdBy>tric0003</createdBy>
<createdTime>2016-10-19 10:38:05 UTC</createdTime>
<commentInRDBMS>Fee charged for the service. 7 digit number with 2 decimal places. Cannot be NULL.</commentInRDBMS>
<ownerDesignName>Rev D</ownerDesignName>
<importedID>57549349-321E-B5BF-F13F-4F5560D6B58A</importedID>
<engineerTo>
<item key="2A42D850-9DF4-78B6-CB0C-7E548DB33D7A" value="true"/>
</engineerTo>
<useDomainConstraints>false</useDomainConstraints>
<use>1</use>
<logicalDatatype>LOGDT019</logicalDatatype>
<dataTypePrecision>7</dataTypePrecision>
<dataTypeScale>2</dataTypeScale>
<ownDataTypeParameters>,7,2</ownDataTypeParameters>
</Attribute>
</attributes>
<identifiers itemClass="oracle.dbtools.crest.model.design.logical.CandidateKey">
<identifier id="60C0FE9D-AB96-F0B8-C324-465CDC636892" name="APPOINTMENT_SERVICE PK">
<createdBy>Tim</createdBy>
<createdTime>2016-10-19 23:28:34 UTC</createdTime>
<ownerDesignName>Rev D</ownerDesignName>
<shouldEngineer>false</shouldEngineer>
<engineerTo>
<item key="2A42D850-9DF4-78B6-CB0C-7E548DB33D7A" value="false"/>
</engineerTo>
<pk>true</pk>
<usedAttributes>
<attributeRef>8319F203-795E-5D66-FA60-A1D3AA03AC38</attributeRef>
<attributeRef>A5EEBB39-0B20-A202-C0D6-4E4F9495580B</attributeRef>
</usedAttributes>
</identifier>
</identifiers>
</Entity>