<?xml version = '1.0' encoding = 'UTF-8'?>
<Entity class="oracle.dbtools.crest.model.design.logical.Entity" directorySegmentName="seg_0" id="51EBA143-51FA-2482-8907-6C1A1B3A4271" name="APMT">
<createdBy>tric0003</createdBy>
<createdTime>2016-10-19 10:38:05 UTC</createdTime>
<ownerDesignName>Rev D</ownerDesignName>
<importedID>AE2C3083-626F-D732-CF6A-79B1ADA32FB7</importedID>
<engineerTo>
<item key="2A42D850-9DF4-78B6-CB0C-7E548DB33D7A" value="true"/>
</engineerTo>
<adequatelyNormalized>NO</adequatelyNormalized>
<expectedVolumes>0</expectedVolumes>
<fwdEngineeringStrategyName>Single Table</fwdEngineeringStrategyName>
<growthPercent>0</growthPercent>
<growthType>Year</growthType>
<maxVolumes>9999999</maxVolumes>
<minVolumes>0</minVolumes>
<normalForm>Third</normalForm>
<attributes itemClass="oracle.dbtools.crest.model.design.logical.Attribute">
<Attribute name="app_num" id="474D6F5E-C41E-81EA-8675-E91FE0EC36B5">
<createdBy>tric0003</createdBy>
<createdTime>2016-10-19 10:38:05 UTC</createdTime>
<commentInRDBMS>Appointment number. 4 digit number. Primary key for the APPOINTMENT table.</commentInRDBMS>
<ownerDesignName>Rev D</ownerDesignName>
<importedID>A1E00595-FA92-856B-3B42-2DEC0F725483</importedID>
<engineerTo>
<item key="2A42D850-9DF4-78B6-CB0C-7E548DB33D7A" value="true"/>
</engineerTo>
<useDomainConstraints>false</useDomainConstraints>
<use>1</use>
<logicalDatatype>LOGDT019</logicalDatatype>
<dataTypePrecision>4</dataTypePrecision>
<ownDataTypeParameters>,4,</ownDataTypeParameters>
</Attribute>
<Attribute name="patient_num" id="E8D99959-4D78-34A8-7A54-765A1DF1728D">
<createdBy>Tim</createdBy>
<createdTime>2016-10-19 23:34:55 UTC</createdTime>
<commentInRDBMS>Patient number. 4 digit number. Primary key for PATIENT table. Auto increment from 1000.</commentInRDBMS>
<generatorID>433D3B09-8C64-45FF-F48D-BC1D9A3417E9</generatorID>
<ownerDesignName>Rev D</ownerDesignName>
<engineerTo>
<item key="2A42D850-9DF4-78B6-CB0C-7E548DB33D7A" value="true"/>
</engineerTo>
<referedAttribute>6C6AE249-F914-B181-BDE2-3B4F85083BD8</referedAttribute>
<useDomainConstraints>false</useDomainConstraints>
<use>1</use>
<logicalDatatype>LOGDT019</logicalDatatype>
<dataTypePrecision>4</dataTypePrecision>
<ownDataTypeParameters>,4,</ownDataTypeParameters>
</Attribute>
<Attribute name="provider_code" id="4E9EFE1B-6B64-542E-3CEC-5008F47ACD26">
<createdBy>Tim</createdBy>
<createdTime>2016-10-20 07:47:06 UTC</createdTime>
<commentInRDBMS>6 character code to uniquely identify the provider, made up of 3 letters followed by 3 numbers.</commentInRDBMS>
<generatorID>15FB0A12-2D5A-40EE-8689-C1B0AB08C998</generatorID>
<ownerDesignName>Rev D</ownerDesignName>
<engineerTo>
<item key="2A42D850-9DF4-78B6-CB0C-7E548DB33D7A" value="true"/>
</engineerTo>
<referedAttribute>85919111-C5BA-5F52-F45C-E290E37CED97</referedAttribute>
<useDomainConstraints>false</useDomainConstraints>
<use>1</use>
<logicalDatatype>LOGDT024</logicalDatatype>
<dataTypeSize>6</dataTypeSize>
<ownDataTypeParameters>6,,</ownDataTypeParameters>
</Attribute>
<Attribute name="nurse_number" id="2523ADB6-BF21-1DD7-5645-273B0334E259">
<createdBy>Tim</createdBy>
<createdTime>2016-10-19 23:31:15 UTC</createdTime>
<commentInRDBMS>Nurse number. 4 digit number. Primary key for NURSE table.</commentInRDBMS>
<generatorID>4D505CE8-BF2D-CD5C-10A2-84636BA0AB21</generatorID>
<ownerDesignName>Rev D</ownerDesignName>
<engineerTo>
<item key="2A42D850-9DF4-78B6-CB0C-7E548DB33D7A" value="true"/>
</engineerTo>
<referedAttribute>BD8804EB-8543-ABB9-0E36-F8F526DDF883</referedAttribute>
<useDomainConstraints>false</useDomainConstraints>
<use>1</use>
<logicalDatatype>LOGDT019</logicalDatatype>
<dataTypePrecision>4</dataTypePrecision>
<ownDataTypeParameters>,4,</ownDataTypeParameters>
</Attribute>
<Attribute name="app_datetime" id="04F39F09-7F5D-AB9F-5291-F9F1AA8D085D">
<createdBy>tric0003</createdBy>
<createdTime>2016-10-19 10:38:05 UTC</createdTime>
<commentInRDBMS>Appointment date and time. Cannot be NULL.</commentInRDBMS>
<ownerDesignName>Rev D</ownerDesignName>
<importedID>0EF14B7E-D4DA-6AE5-CB9D-9327F75D38FD</importedID>
<engineerTo>
<item key="2A42D850-9DF4-78B6-CB0C-7E548DB33D7A" value="true"/>
</engineerTo>
<useDomainConstraints>false</useDomainConstraints>
<use>1</use>
<logicalDatatype>LOGDT007</logicalDatatype>
<ownDataTypeParameters>,,</ownDataTypeParameters>
</Attribute>
<Attribute name="app_room" id="0C8F2677-CA77-4DE4-BE54-1E35ADB5EF80">
<createdBy>tric0003</createdBy>
<createdTime>2016-10-19 10:38:05 UTC</createdTime>
<commentInRDBMS>Room number for the appointment. 3 digit. Cannot be Null. Constrained to rooms at the surgery.</commentInRDBMS>
<ownerDesignName>Rev D</ownerDesignName>
<importedID>0FF3A9F3-175F-56CF-C721-D8B510FACD64</importedID>
<engineerTo>
<item key="2A42D850-9DF4-78B6-CB0C-7E548DB33D7A" value="true"/>
</engineerTo>
<useDomainConstraints>false</useDomainConstraints>
<use>1</use>
<logicalDatatype>LOGDT019</logicalDatatype>
<dataTypePrecision>3</dataTypePrecision>
<listOfValues>
<valueDef value="101" description="Room 101"/>
<valueDef value="102" description="Room 102"/>
<valueDef value="103" description="Room 103"/>
<valueDef value="104" description="Room 104"/>
<valueDef value="105" description="Room 105"/>
<valueDef value="201" description="Room 201"/>
<valueDef value="202" description="Room 202"/>
</listOfValues>
<ownDataTypeParameters>,3,</ownDataTypeParameters>
</Attribute>
<Attribute name="app_len" id="D91EEF07-8248-53E5-F12B-8F3657FC5AF3">
<createdBy>tric0003</createdBy>
<createdTime>2016-10-19 10:38:05 UTC</createdTime>
<commentInRDBMS>Appointment length. 10 character limit. Cannot be NULL. Constrained to short, standard or long.</commentInRDBMS>
<ownerDesignName>Rev D</ownerDesignName>
<importedID>BF127ADF-F536-6F90-4540-3F8372F0DC7C</importedID>
<engineerTo>
<item key="2A42D850-9DF4-78B6-CB0C-7E548DB33D7A" value="true"/>
</engineerTo>
<constraintName>check_app_len</constraintName>
<useDomainConstraints>false</useDomainConstraints>
<use>1</use>
<logicalDatatype>LOGDT024</logicalDatatype>
<dataTypeSize>10</dataTypeSize>
<listOfValues>
<valueDef value="long" description="Long length appointment."/>
<valueDef value="short" description="Short length appointment."/>
<valueDef value="standard" description="Standard length appointment."/>
</listOfValues>
<ownDataTypeParameters>10,,</ownDataTypeParameters>
</Attribute>
<Attribute name="follow_up_app" id="92617CF7-DAFF-E540-7714-6276D47EBBBE">
<createdBy>Tim</createdBy>
<createdTime>2016-10-20 03:22:06 UTC</createdTime>
<commentInRDBMS>Appointment number. 4 digit number. Primary key for the APPOINTMENT table.</commentInRDBMS>
<generatorID>2E26DF2F-EBF4-BA20-B70F-8D83BBFD567E</generatorID>
<ownerDesignName>Rev D</ownerDesignName>
<engineerTo>
<item key="2A42D850-9DF4-78B6-CB0C-7E548DB33D7A" value="true"/>
</engineerTo>
<nullsAllowed>true</nullsAllowed>
<referedAttribute>474D6F5E-C41E-81EA-8675-E91FE0EC36B5</referedAttribute>
<useDomainConstraints>false</useDomainConstraints>
<use>1</use>
<logicalDatatype>LOGDT019</logicalDatatype>
<dataTypePrecision>4</dataTypePrecision>
<ownDataTypeParameters>,4,</ownDataTypeParameters>
</Attribute>
</attributes>
<identifiers itemClass="oracle.dbtools.crest.model.design.logical.CandidateKey">
<identifier id="FDF1217C-6AF0-3A09-A603-ADB597CB1DDF" name="APPOINTMENT PK">
<createdBy>tric0003</createdBy>
<createdTime>2016-10-19 10:38:05 UTC</createdTime>
<ownerDesignName>Rev D</ownerDesignName>
<shouldEngineer>false</shouldEngineer>
<importedID>D46D8BA8-833C-71CA-741B-DB07D9980B0F</importedID>
<engineerTo>
<item key="2A42D850-9DF4-78B6-CB0C-7E548DB33D7A" value="false"/>
</engineerTo>
<pk>true</pk>
<usedAttributes>
<attributeRef>474D6F5E-C41E-81EA-8675-E91FE0EC36B5</attributeRef>
</usedAttributes>
</identifier>
</identifiers>
</Entity>