<?xml version = '1.0' encoding = 'UTF-8'?>
<Entity class="oracle.dbtools.crest.model.design.logical.Entity" directorySegmentName="seg_0" id="5AB2FEF3-9791-1A21-DF5D-4D9D6A5FFD93" name="SERVICE">
<createdBy>tric0003</createdBy>
<createdTime>2016-10-19 10:38:05 UTC</createdTime>
<ownerDesignName>Rev D</ownerDesignName>
<importedID>64612C66-DA5F-2735-9E71-E923786E1DF4</importedID>
<engineerTo>
<item key="2A42D850-9DF4-78B6-CB0C-7E548DB33D7A" value="true"/>
</engineerTo>
<adequatelyNormalized>NO</adequatelyNormalized>
<expectedVolumes>0</expectedVolumes>
<fwdEngineeringStrategyName>Single Table</fwdEngineeringStrategyName>
<growthPercent>0</growthPercent>
<growthType>Year</growthType>
<maxVolumes>9999999</maxVolumes>
<minVolumes>0</minVolumes>
<normalForm>Third</normalForm>
<attributes itemClass="oracle.dbtools.crest.model.design.logical.Attribute">
<Attribute name="service_code" id="3B25F0C9-4E01-CEB4-ABA4-27436D6D4459">
<createdBy>tric0003</createdBy>
<createdTime>2016-10-19 10:38:05 UTC</createdTime>
<commentInRDBMS>4 digit code - code is only made of numbers so numeric value chosen. Primary key for SERVICE table</commentInRDBMS>
<ownerDesignName>Rev D</ownerDesignName>
<importedID>F1B42F0D-1676-B6F7-2EAC-15A2F0008166</importedID>
<engineerTo>
<item key="2A42D850-9DF4-78B6-CB0C-7E548DB33D7A" value="true"/>
</engineerTo>
<constraintName>check_service_code</constraintName>
<useDomainConstraints>false</useDomainConstraints>
<use>1</use>
<logicalDatatype>LOGDT019</logicalDatatype>
<dataTypePrecision>4</dataTypePrecision>
<ownDataTypeParameters>,4,</ownDataTypeParameters>
<listOfRanges>
<rangeDef class="oracle.dbtools.crest.model.design.constraint.AVT">
<beginValue>1000</beginValue>
<endValue>9999</endValue>
<description>Value must be 4 digits</description>
</rangeDef>
</listOfRanges>
</Attribute>
<Attribute name="service_desc" id="22ADC2B2-2121-0EB7-8DCE-1B17FC049DCE">
<createdBy>tric0003</createdBy>
<createdTime>2016-10-19 10:38:05 UTC</createdTime>
<commentInRDBMS>Description of the service. 50 character limit. Cannot be NULL.</commentInRDBMS>
<ownerDesignName>Rev D</ownerDesignName>
<importedID>1C76FD1C-28C7-B2BD-890D-B97197FF64F6</importedID>
<engineerTo>
<item key="2A42D850-9DF4-78B6-CB0C-7E548DB33D7A" value="true"/>
</engineerTo>
<useDomainConstraints>false</useDomainConstraints>
<use>1</use>
<logicalDatatype>LOGDT024</logicalDatatype>
<dataTypeSize>50</dataTypeSize>
<ownDataTypeParameters>50,,</ownDataTypeParameters>
</Attribute>
<Attribute name="std_fee" id="DA1C4FF1-56EA-DAC1-3A95-3E5EE471F72D">
<createdBy>tric0003</createdBy>
<createdTime>2016-10-19 10:38:05 UTC</createdTime>
<commentInRDBMS>Standard fee charged for the service. 7 digit number with 2 decimal places. Cannot be NULL.</commentInRDBMS>
<ownerDesignName>Rev D</ownerDesignName>
<importedID>C035506D-2FCA-520C-8DCF-AF2BC50C5803</importedID>
<engineerTo>
<item key="2A42D850-9DF4-78B6-CB0C-7E548DB33D7A" value="true"/>
</engineerTo>
<useDomainConstraints>false</useDomainConstraints>
<use>1</use>
<logicalDatatype>LOGDT019</logicalDatatype>
<dataTypePrecision>7</dataTypePrecision>
<dataTypeScale>2</dataTypeScale>
<ownDataTypeParameters>,7,2</ownDataTypeParameters>
</Attribute>
</attributes>
<identifiers itemClass="oracle.dbtools.crest.model.design.logical.CandidateKey">
<identifier id="935BAAA0-3F26-EB2D-0ED0-CCE249D323D6" name="SERVICE PK">
<createdBy>tric0003</createdBy>
<createdTime>2016-10-19 10:38:05 UTC</createdTime>
<ownerDesignName>Rev D</ownerDesignName>
<shouldEngineer>false</shouldEngineer>
<importedID>7DC9BBB5-199E-4D0C-A6F7-5DC91B441DD1</importedID>
<engineerTo>
<item key="2A42D850-9DF4-78B6-CB0C-7E548DB33D7A" value="false"/>
</engineerTo>
<pk>true</pk>
<usedAttributes>
<attributeRef>3B25F0C9-4E01-CEB4-ABA4-27436D6D4459</attributeRef>
</usedAttributes>
</identifier>
</identifiers>
</Entity>