<?xml version = '1.0' encoding = 'UTF-8'?>
<Entity class="oracle.dbtools.crest.model.design.logical.Entity" directorySegmentName="seg_0" id="5C83118B-FB1D-B18E-400E-A27063635E51" name="SPEC">
<createdBy>tric0003</createdBy>
<createdTime>2016-10-19 10:38:05 UTC</createdTime>
<ownerDesignName>Rev D</ownerDesignName>
<importedID>727BB06D-23D9-508C-C0CC-179789ADD273</importedID>
<engineerTo>
<item key="2A42D850-9DF4-78B6-CB0C-7E548DB33D7A" value="true"/>
</engineerTo>
<adequatelyNormalized>NO</adequatelyNormalized>
<expectedVolumes>0</expectedVolumes>
<fwdEngineeringStrategyName>Single Table</fwdEngineeringStrategyName>
<growthPercent>0</growthPercent>
<growthType>Year</growthType>
<maxVolumes>9999999</maxVolumes>
<minVolumes>0</minVolumes>
<normalForm>Third</normalForm>
<attributes itemClass="oracle.dbtools.crest.model.design.logical.Attribute">
<Attribute name="spec_code" id="A397CFA4-458B-35A9-4A38-01BB4A851330">
<createdBy>tric0003</createdBy>
<createdTime>2016-10-19 10:38:05 UTC</createdTime>
<commentInRDBMS>Nurse specialisation code.6 charcter code three letters followed by three numbers ABC123. Primary key for SPECIALISATION table.</commentInRDBMS>
<ownerDesignName>Rev D</ownerDesignName>
<importedID>C5CE3365-59F0-8F2A-4781-F34079C533A8</importedID>
<engineerTo>
<item key="2A42D850-9DF4-78B6-CB0C-7E548DB33D7A" value="true"/>
</engineerTo>
<constraintName>check_spec_code</constraintName>
<useDomainConstraints>false</useDomainConstraints>
<use>1</use>
<logicalDatatype>LOGDT024</logicalDatatype>
<dataTypeSize>6</dataTypeSize>
<checkConstraint>
<implementationDef dbType="Oracle Database 11g" definition="REGEXP_LIKE(spec_code,&apos;[[:alpha:]]{3}[[:digit:]]{3}&apos;)"/>
</checkConstraint>
<ownDataTypeParameters>6,,</ownDataTypeParameters>
</Attribute>
<Attribute name="spec_desc" id="222AEE65-53B4-5B7F-FF1D-011223F63458">
<createdBy>tric0003</createdBy>
<createdTime>2016-10-19 10:38:05 UTC</createdTime>
<commentInRDBMS>Specialisation description. 50 character limit. Cannot be NULL.</commentInRDBMS>
<ownerDesignName>Rev D</ownerDesignName>
<importedID>5071DCE4-871B-FB37-EEE0-19CC86738671</importedID>
<engineerTo>
<item key="2A42D850-9DF4-78B6-CB0C-7E548DB33D7A" value="true"/>
</engineerTo>
<useDomainConstraints>false</useDomainConstraints>
<use>1</use>
<logicalDatatype>LOGDT024</logicalDatatype>
<dataTypeSize>50</dataTypeSize>
<ownDataTypeParameters>50,,</ownDataTypeParameters>
</Attribute>
</attributes>
<identifiers itemClass="oracle.dbtools.crest.model.design.logical.CandidateKey">
<identifier id="6FBA5BC2-C2A1-5EEA-700F-2BCFBF79F507" name="SPECIALISATION PK">
<createdBy>tric0003</createdBy>
<createdTime>2016-10-19 10:38:05 UTC</createdTime>
<ownerDesignName>Rev D</ownerDesignName>
<shouldEngineer>false</shouldEngineer>
<importedID>BDBF24AC-F957-70C8-6E91-BEDED2553F71</importedID>
<engineerTo>
<item key="2A42D850-9DF4-78B6-CB0C-7E548DB33D7A" value="false"/>
</engineerTo>
<pk>true</pk>
<usedAttributes>
<attributeRef>A397CFA4-458B-35A9-4A38-01BB4A851330</attributeRef>
</usedAttributes>
</identifier>
</identifiers>
</Entity>