<?xml version = '1.0' encoding = 'UTF-8'?>
<Entity class="oracle.dbtools.crest.model.design.logical.Entity" directorySegmentName="seg_0" id="8130CC7B-6A3D-85A7-8ED5-D29242F517CA" name="NURSE_SPEC">
<createdBy>tric0003</createdBy>
<createdTime>2016-10-19 10:38:05 UTC</createdTime>
<ownerDesignName>Rev D</ownerDesignName>
<importedID>D11FD1B0-7D8C-2205-0D1E-E45034910615</importedID>
<engineerTo>
<item key="2A42D850-9DF4-78B6-CB0C-7E548DB33D7A" value="true"/>
</engineerTo>
<adequatelyNormalized>NO</adequatelyNormalized>
<expectedVolumes>0</expectedVolumes>
<fwdEngineeringStrategyName>Single Table</fwdEngineeringStrategyName>
<growthPercent>0</growthPercent>
<growthType>Year</growthType>
<maxVolumes>9999999</maxVolumes>
<minVolumes>0</minVolumes>
<normalForm>Third</normalForm>
<attributes itemClass="oracle.dbtools.crest.model.design.logical.Attribute">
<Attribute name="nurse_number" id="ED7385FF-2913-465C-4A6B-78EFC4F43D28">
<createdBy>Tim</createdBy>
<createdTime>2016-10-19 23:33:03 UTC</createdTime>
<commentInRDBMS>Nurse number. 4 digit number. Primary key for NURSE table.</commentInRDBMS>
<generatorID>560CEDF1-E16C-1AFE-3CF5-4418C7AAFDB1</generatorID>
<ownerDesignName>Rev D</ownerDesignName>
<engineerTo>
<item key="2A42D850-9DF4-78B6-CB0C-7E548DB33D7A" value="true"/>
</engineerTo>
<referedAttribute>BD8804EB-8543-ABB9-0E36-F8F526DDF883</referedAttribute>
<useDomainConstraints>false</useDomainConstraints>
<use>1</use>
<logicalDatatype>LOGDT019</logicalDatatype>
<dataTypePrecision>4</dataTypePrecision>
<ownDataTypeParameters>,4,</ownDataTypeParameters>
</Attribute>
<Attribute name="spec_code" id="4F19CB9A-7E4D-BF73-9643-CCE34D3E67E2">
<createdBy>Tim</createdBy>
<createdTime>2016-10-19 23:33:43 UTC</createdTime>
<commentInRDBMS>Nurse specialisation code.6 charcter code three letters followed by three numbers ABC123. Primary key for SPECIALISATION table.</commentInRDBMS>
<generatorID>92A71546-28A4-522E-8110-56B2D21365BF</generatorID>
<ownerDesignName>Rev D</ownerDesignName>
<engineerTo>
<item key="2A42D850-9DF4-78B6-CB0C-7E548DB33D7A" value="true"/>
</engineerTo>
<referedAttribute>A397CFA4-458B-35A9-4A38-01BB4A851330</referedAttribute>
<useDomainConstraints>false</useDomainConstraints>
<use>1</use>
<logicalDatatype>LOGDT024</logicalDatatype>
<dataTypeSize>6</dataTypeSize>
<ownDataTypeParameters>6,,</ownDataTypeParameters>
</Attribute>
</attributes>
<identifiers itemClass="oracle.dbtools.crest.model.design.logical.CandidateKey">
<identifier id="5522E4A2-2544-7D6C-A70F-9BEEF9472DF1" name="NURSE_SPECIALISATION PK">
<createdBy>Tim</createdBy>
<createdTime>2016-10-19 23:33:03 UTC</createdTime>
<ownerDesignName>Rev D</ownerDesignName>
<shouldEngineer>false</shouldEngineer>
<engineerTo>
<item key="2A42D850-9DF4-78B6-CB0C-7E548DB33D7A" value="false"/>
</engineerTo>
<pk>true</pk>
<usedAttributes>
<attributeRef>ED7385FF-2913-465C-4A6B-78EFC4F43D28</attributeRef>
<attributeRef>4F19CB9A-7E4D-BF73-9643-CCE34D3E67E2</attributeRef>
</usedAttributes>
</identifier>
</identifiers>
</Entity>