<?xml version = '1.0' encoding = 'UTF-8'?>
<Entity class="oracle.dbtools.crest.model.design.logical.Entity" directorySegmentName="seg_0" id="B31EF3D0-9CAB-5002-0AAF-845CFB02CD7B" name="PROVIDER_SERVICE">
<createdBy>tric0003</createdBy>
<createdTime>2016-10-19 10:38:05 UTC</createdTime>
<ownerDesignName>Rev D</ownerDesignName>
<importedID>B15E6DA5-8BEA-9C52-53C2-2A071879CEE5</importedID>
<engineerTo>
<item key="2A42D850-9DF4-78B6-CB0C-7E548DB33D7A" value="true"/>
</engineerTo>
<adequatelyNormalized>NO</adequatelyNormalized>
<expectedVolumes>0</expectedVolumes>
<fwdEngineeringStrategyName>Single Table</fwdEngineeringStrategyName>
<growthPercent>0</growthPercent>
<growthType>Year</growthType>
<maxVolumes>9999999</maxVolumes>
<minVolumes>0</minVolumes>
<normalForm>Third</normalForm>
<attributes itemClass="oracle.dbtools.crest.model.design.logical.Attribute">
<Attribute name="provider_code" id="4027C6B0-4C78-8BCD-8C05-6B56AEFC7643">
<createdBy>Tim</createdBy>
<createdTime>2016-10-19 23:17:02 UTC</createdTime>
<commentInRDBMS>6 character code to uniquely identify the provider, made up of 3 letters followed by 3 numbers.</commentInRDBMS>
<generatorID>C5A6A048-3CDC-A568-471E-CF2D76D982CD</generatorID>
<ownerDesignName>Rev D</ownerDesignName>
<engineerTo>
<item key="2A42D850-9DF4-78B6-CB0C-7E548DB33D7A" value="true"/>
</engineerTo>
<referedAttribute>85919111-C5BA-5F52-F45C-E290E37CED97</referedAttribute>
<useDomainConstraints>false</useDomainConstraints>
<use>1</use>
<logicalDatatype>LOGDT024</logicalDatatype>
<dataTypeSize>6</dataTypeSize>
<ownDataTypeParameters>6,,</ownDataTypeParameters>
</Attribute>
<Attribute name="service_code" id="6B23F274-21FB-2561-5428-3DB5B8DE92BB">
<createdBy>Tim</createdBy>
<createdTime>2016-10-19 23:15:12 UTC</createdTime>
<commentInRDBMS>4 digit code - code is only made of numbers so numeric value chosen. Primary key for SERVICE table</commentInRDBMS>
<generatorID>7334F002-21AC-6DBC-ED47-C350EAEC70EC</generatorID>
<ownerDesignName>Rev D</ownerDesignName>
<engineerTo>
<item key="2A42D850-9DF4-78B6-CB0C-7E548DB33D7A" value="true"/>
</engineerTo>
<referedAttribute>3B25F0C9-4E01-CEB4-ABA4-27436D6D4459</referedAttribute>
<useDomainConstraints>false</useDomainConstraints>
<use>1</use>
<logicalDatatype>LOGDT019</logicalDatatype>
<dataTypePrecision>4</dataTypePrecision>
<ownDataTypeParameters>,4,</ownDataTypeParameters>
</Attribute>
<Attribute name="service_fee" id="0A60AD2D-201B-AE40-DA0B-94DED1F3F938">
<createdBy>tric0003</createdBy>
<createdTime>2016-10-19 10:38:05 UTC</createdTime>
<commentInRDBMS>Fee specific for the service provider combination. 7 digit number with 2 decimal places. Can be NULL.</commentInRDBMS>
<ownerDesignName>Rev D</ownerDesignName>
<importedID>41C59AD9-9716-3C43-FA9A-D3486AB519BA</importedID>
<engineerTo>
<item key="2A42D850-9DF4-78B6-CB0C-7E548DB33D7A" value="true"/>
</engineerTo>
<nullsAllowed>true</nullsAllowed>
<useDomainConstraints>false</useDomainConstraints>
<use>1</use>
<logicalDatatype>LOGDT019</logicalDatatype>
<dataTypePrecision>7</dataTypePrecision>
<dataTypeScale>2</dataTypeScale>
<ownDataTypeParameters>,7,2</ownDataTypeParameters>
</Attribute>
</attributes>
<identifiers itemClass="oracle.dbtools.crest.model.design.logical.CandidateKey">
<identifier id="6A598753-0C88-BC56-B64C-3A9A1EC8E30A" name="PROVIDER_SERVICE PK">
<createdBy>Tim</createdBy>
<createdTime>2016-10-19 23:15:12 UTC</createdTime>
<ownerDesignName>Rev D</ownerDesignName>
<shouldEngineer>false</shouldEngineer>
<engineerTo>
<item key="2A42D850-9DF4-78B6-CB0C-7E548DB33D7A" value="false"/>
</engineerTo>
<pk>true</pk>
<usedAttributes>
<attributeRef>6B23F274-21FB-2561-5428-3DB5B8DE92BB</attributeRef>
<attributeRef>4027C6B0-4C78-8BCD-8C05-6B56AEFC7643</attributeRef>
</usedAttributes>
</identifier>
</identifiers>
</Entity>