<?xml version = '1.0' encoding = 'UTF-8'?>
<Entity class="oracle.dbtools.crest.model.design.logical.Entity" directorySegmentName="seg_0" id="B3904DCC-2A92-CEF6-09D0-1E5945931205" name="PROVIDER">
<createdBy>tric0003</createdBy>
<createdTime>2016-10-19 10:38:05 UTC</createdTime>
<ownerDesignName>Rev D</ownerDesignName>
<importedID>899CF7FE-637A-41BB-5594-CBA674E4A6D8</importedID>
<engineerTo>
<item key="2A42D850-9DF4-78B6-CB0C-7E548DB33D7A" value="true"/>
</engineerTo>
<adequatelyNormalized>NO</adequatelyNormalized>
<expectedVolumes>0</expectedVolumes>
<fwdEngineeringStrategyName>Single Table</fwdEngineeringStrategyName>
<growthPercent>0</growthPercent>
<growthType>Year</growthType>
<maxVolumes>9999999</maxVolumes>
<minVolumes>0</minVolumes>
<normalForm>Third</normalForm>
<attributes itemClass="oracle.dbtools.crest.model.design.logical.Attribute">
<Attribute name="provider_code" id="85919111-C5BA-5F52-F45C-E290E37CED97">
<createdBy>tric0003</createdBy>
<createdTime>2016-10-19 10:38:05 UTC</createdTime>
<commentInRDBMS>6 character code to uniquely identify the provider, made up of 3 letters followed by 3 numbers.</commentInRDBMS>
<ownerDesignName>Rev D</ownerDesignName>
<importedID>FB3B47F9-F6D4-451E-8637-147A5F7618F4</importedID>
<engineerTo>
<item key="2A42D850-9DF4-78B6-CB0C-7E548DB33D7A" value="true"/>
</engineerTo>
<constraintName>check_provider_code</constraintName>
<useDomainConstraints>false</useDomainConstraints>
<use>1</use>
<logicalDatatype>LOGDT024</logicalDatatype>
<dataTypeSize>6</dataTypeSize>
<checkConstraint>
<implementationDef dbType="Oracle Database 11g" definition="REGEXP_LIKE(provider_code,&apos;[[:alpha:]]{3}[[:digit:]]{3}&apos;)"/>
</checkConstraint>
<ownDataTypeParameters>6,,</ownDataTypeParameters>
</Attribute>
<Attribute name="provider_fname" id="4D5FD1B7-5338-1CE7-3D8D-3DE5171AFAEC">
<createdBy>tric0003</createdBy>
<createdTime>2016-10-19 10:38:05 UTC</createdTime>
<commentInRDBMS>Providers first name (50 character limit). Cannot be null.</commentInRDBMS>
<ownerDesignName>Rev D</ownerDesignName>
<importedID>EECB60C7-44BB-D43E-807A-5F9BBA88E80A</importedID>
<engineerTo>
<item key="2A42D850-9DF4-78B6-CB0C-7E548DB33D7A" value="true"/>
</engineerTo>
<useDomainConstraints>false</useDomainConstraints>
<use>1</use>
<logicalDatatype>LOGDT024</logicalDatatype>
<dataTypeSize>50</dataTypeSize>
<ownDataTypeParameters>50,,</ownDataTypeParameters>
</Attribute>
<Attribute name="provider_lname" id="EE1588D0-4E53-9CA8-87BA-B9631D85F4E0">
<createdBy>tric0003</createdBy>
<createdTime>2016-10-19 10:38:05 UTC</createdTime>
<commentInRDBMS>Providers last name, 50 character limit. Cannot be null.</commentInRDBMS>
<ownerDesignName>Rev D</ownerDesignName>
<importedID>F1E9C681-C9D2-503D-8A3D-25C565ADA670</importedID>
<engineerTo>
<item key="2A42D850-9DF4-78B6-CB0C-7E548DB33D7A" value="true"/>
</engineerTo>
<useDomainConstraints>false</useDomainConstraints>
<use>1</use>
<logicalDatatype>LOGDT024</logicalDatatype>
<dataTypeSize>50</dataTypeSize>
<ownDataTypeParameters>50,,</ownDataTypeParameters>
</Attribute>
<Attribute name="room_num" id="EA3D5E1E-19D9-CB4D-8ACB-C2577C7DB3DD">
<createdBy>tric0003</createdBy>
<createdTime>2016-10-19 10:38:05 UTC</createdTime>
<commentInRDBMS>3 digit number for the normal room of the provider. Is not mandantory. Constrained to rooms at surgery.</commentInRDBMS>
<ownerDesignName>Rev D</ownerDesignName>
<importedID>4767D70C-A911-A19C-91F5-F62B7D15A544</importedID>
<engineerTo>
<item key="2A42D850-9DF4-78B6-CB0C-7E548DB33D7A" value="true"/>
</engineerTo>
<constraintName>check_room_number</constraintName>
<nullsAllowed>true</nullsAllowed>
<useDomainConstraints>false</useDomainConstraints>
<use>1</use>
<logicalDatatype>LOGDT019</logicalDatatype>
<dataTypePrecision>3</dataTypePrecision>
<listOfValues>
<valueDef value="101" description="Room 101"/>
<valueDef value="102" description="Room 102"/>
<valueDef value="103" description="Room 103"/>
<valueDef value="104" description="Room 104"/>
<valueDef value="201" description="Room 201"/>
<valueDef value="202" description="Room 202"/>
</listOfValues>
<ownDataTypeParameters>,3,</ownDataTypeParameters>
</Attribute>
<Attribute name="charge_mtd" id="1C84CA51-DA82-E6EE-BE6D-838F8191DE6E">
<createdBy>tric0003</createdBy>
<createdTime>2016-10-19 10:38:05 UTC</createdTime>
<commentInRDBMS>7 digit number (2 decimals). Total charges of the provider for the current month. </commentInRDBMS>
<ownerDesignName>Rev D</ownerDesignName>
<importedID>94FE473E-203F-4C92-04AE-2C726C205624</importedID>
<engineerTo>
<item key="2A42D850-9DF4-78B6-CB0C-7E548DB33D7A" value="true"/>
</engineerTo>
<nullsAllowed>true</nullsAllowed>
<useDomainConstraints>false</useDomainConstraints>
<use>1</use>
<logicalDatatype>LOGDT019</logicalDatatype>
<dataTypePrecision>7</dataTypePrecision>
<dataTypeScale>2</dataTypeScale>
<ownDataTypeParameters>,7,2</ownDataTypeParameters>
</Attribute>
<Attribute name="charge_ytd" id="CCBA1B3E-F537-8259-2E1F-D670AF406C32">
<createdBy>tric0003</createdBy>
<createdTime>2016-10-19 10:38:05 UTC</createdTime>
<commentInRDBMS>Total provider charges for the year to date. 9 digit number (2 decimal places).</commentInRDBMS>
<ownerDesignName>Rev D</ownerDesignName>
<importedID>27EEFB97-C72C-A809-D24A-59F4D73B44E8</importedID>
<engineerTo>
<item key="2A42D850-9DF4-78B6-CB0C-7E548DB33D7A" value="true"/>
</engineerTo>
<nullsAllowed>true</nullsAllowed>
<useDomainConstraints>false</useDomainConstraints>
<use>1</use>
<logicalDatatype>LOGDT019</logicalDatatype>
<dataTypePrecision>9</dataTypePrecision>
<dataTypeScale>2</dataTypeScale>
<ownDataTypeParameters>,9,2</ownDataTypeParameters>
</Attribute>
<Attribute name="provider_type_id" id="29842C0B-1E90-6DE7-B94C-82E69B241A26">
<createdBy>Tim</createdBy>
<createdTime>2016-10-19 23:18:24 UTC</createdTime>
<commentInRDBMS>Provider type code. 2 digit number. Primary key for PROVIDER TYPE.</commentInRDBMS>
<generatorID>008B5BEF-8683-1289-5849-AE072E639AAA</generatorID>
<ownerDesignName>Rev D</ownerDesignName>
<engineerTo>
<item key="2A42D850-9DF4-78B6-CB0C-7E548DB33D7A" value="true"/>
</engineerTo>
<referedAttribute>A1C5A98F-EC0B-8CBC-6500-5043C395191A</referedAttribute>
<useDomainConstraints>false</useDomainConstraints>
<use>1</use>
<logicalDatatype>LOGDT019</logicalDatatype>
<dataTypePrecision>5</dataTypePrecision>
<ownDataTypeParameters>,5,</ownDataTypeParameters>
</Attribute>
</attributes>
<identifiers itemClass="oracle.dbtools.crest.model.design.logical.CandidateKey">
<identifier id="E15EF932-EF35-0A2B-F281-73E7AA707200" name="PROVIDER PK">
<createdBy>tric0003</createdBy>
<createdTime>2016-10-19 10:38:05 UTC</createdTime>
<ownerDesignName>Rev D</ownerDesignName>
<shouldEngineer>false</shouldEngineer>
<importedID>BE56ADE5-38E4-C4F6-AE9B-EA417BBFE779</importedID>
<engineerTo>
<item key="2A42D850-9DF4-78B6-CB0C-7E548DB33D7A" value="false"/>
</engineerTo>
<pk>true</pk>
<usedAttributes>
<attributeRef>85919111-C5BA-5F52-F45C-E290E37CED97</attributeRef>
</usedAttributes>
</identifier>
</identifiers>
</Entity>