<?xml version = '1.0' encoding = 'UTF-8'?>
<Entity class="oracle.dbtools.crest.model.design.logical.Entity" directorySegmentName="seg_0" id="FBF3BB38-64C9-E83E-BE06-3F8C25D26F84" name="INVOICE">
<createdBy>tric0003</createdBy>
<createdTime>2016-10-19 10:38:05 UTC</createdTime>
<ownerDesignName>Rev D</ownerDesignName>
<importedID>8C42F9E6-9444-8E3B-F509-B49EB8E5421F</importedID>
<engineerTo>
<item key="2A42D850-9DF4-78B6-CB0C-7E548DB33D7A" value="true"/>
</engineerTo>
<adequatelyNormalized>NO</adequatelyNormalized>
<expectedVolumes>0</expectedVolumes>
<fwdEngineeringStrategyName>Single Table</fwdEngineeringStrategyName>
<growthPercent>0</growthPercent>
<growthType>Year</growthType>
<maxVolumes>9999999</maxVolumes>
<minVolumes>0</minVolumes>
<normalForm>Third</normalForm>
<attributes itemClass="oracle.dbtools.crest.model.design.logical.Attribute">
<Attribute name="invoice_num" id="A4EDEB06-25F6-A094-AFAC-F32FDE45275B">
<createdBy>Tim</createdBy>
<createdTime>2016-10-19 22:40:46 UTC</createdTime>
<commentInRDBMS>6 digit invoice number. Primary key for INVOICE table.</commentInRDBMS>
<ownerDesignName>Rev D</ownerDesignName>
<engineerTo>
<item key="2A42D850-9DF4-78B6-CB0C-7E548DB33D7A" value="true"/>
</engineerTo>
<constraintName>chec_invoice_number</constraintName>
<useDomainConstraints>false</useDomainConstraints>
<use>1</use>
<logicalDatatype>LOGDT019</logicalDatatype>
<dataTypePrecision>6</dataTypePrecision>
<ownDataTypeParameters>,6,</ownDataTypeParameters>
<listOfRanges>
<rangeDef class="oracle.dbtools.crest.model.design.constraint.AVT">
<beginValue>10000</beginValue>
<endValue>999999</endValue>
<description>possible invoice number ranges, must be 6 digits</description>
</rangeDef>
</listOfRanges>
</Attribute>
<Attribute name="app_num" id="A6FD4D44-446F-5E09-4696-5D83F85213C2">
<createdBy>Tim</createdBy>
<createdTime>2016-10-19 23:38:11 UTC</createdTime>
<commentInRDBMS>Appointment number. 4 digit number. Primary key for the APPOINTMENT table.</commentInRDBMS>
<generatorID>3091E8C2-9681-4F99-DFB6-180757EFE6EB</generatorID>
<ownerDesignName>Rev D</ownerDesignName>
<engineerTo>
<item key="2A42D850-9DF4-78B6-CB0C-7E548DB33D7A" value="true"/>
</engineerTo>
<referedAttribute>474D6F5E-C41E-81EA-8675-E91FE0EC36B5</referedAttribute>
<useDomainConstraints>false</useDomainConstraints>
<use>1</use>
<logicalDatatype>LOGDT019</logicalDatatype>
<dataTypePrecision>4</dataTypePrecision>
<ownDataTypeParameters>,4,</ownDataTypeParameters>
</Attribute>
<Attribute name="payment_from" id="9D2345F6-0FA3-53D5-924F-0EFDC658CE52">
<createdBy>tric0003</createdBy>
<createdTime>2016-10-19 10:38:05 UTC</createdTime>
<commentInRDBMS>Payment from insurer or patient. Cannot be NULL. Constrained to patient or insurer..</commentInRDBMS>
<ownerDesignName>Rev D</ownerDesignName>
<importedID>97459A32-B430-8BB5-888D-263F91BFF846</importedID>
<engineerTo>
<item key="2A42D850-9DF4-78B6-CB0C-7E548DB33D7A" value="true"/>
</engineerTo>
<constraintName>check_payment_from</constraintName>
<useDomainConstraints>false</useDomainConstraints>
<use>1</use>
<logicalDatatype>LOGDT024</logicalDatatype>
<dataTypeSize>10</dataTypeSize>
<listOfValues>
<valueDef value="INSURER" description="Payment came from Insurer."/>
<valueDef value="PATIENT" description="Payment came from Patient"/>
</listOfValues>
<ownDataTypeParameters>10,,</ownDataTypeParameters>
</Attribute>
<Attribute name="amount_paid" id="5A98601C-5193-06B1-9B21-DF359B20DF6E">
<createdBy>tric0003</createdBy>
<createdTime>2016-10-19 10:38:05 UTC</createdTime>
<commentInRDBMS>Amount paid. 7 digit number. Canno tbe NULL.</commentInRDBMS>
<ownerDesignName>Rev D</ownerDesignName>
<importedID>4338AFC4-DD96-9C1E-BFA3-956EED97D6E1</importedID>
<engineerTo>
<item key="2A42D850-9DF4-78B6-CB0C-7E548DB33D7A" value="true"/>
</engineerTo>
<useDomainConstraints>false</useDomainConstraints>
<use>1</use>
<logicalDatatype>LOGDT019</logicalDatatype>
<dataTypePrecision>7</dataTypePrecision>
<dataTypeScale>2</dataTypeScale>
<ownDataTypeParameters>,7,2</ownDataTypeParameters>
</Attribute>
</attributes>
<identifiers itemClass="oracle.dbtools.crest.model.design.logical.CandidateKey">
<identifier id="A6990014-ABD2-5E37-08EA-9EE098EE64E3" name="INVOICE PK">
<createdBy>Tim</createdBy>
<createdTime>2016-10-19 22:40:56 UTC</createdTime>
<ownerDesignName>Rev D</ownerDesignName>
<shouldEngineer>false</shouldEngineer>
<engineerTo>
<item key="2A42D850-9DF4-78B6-CB0C-7E548DB33D7A" value="false"/>
</engineerTo>
<pk>true</pk>
<usedAttributes>
<attributeRef>A4EDEB06-25F6-A094-AFAC-F32FDE45275B</attributeRef>
</usedAttributes>
</identifier>
</identifiers>
</Entity>