<?xml version = '1.0' encoding = 'UTF-8'?>
<FKIndexAssociation class="oracle.dbtools.crest.model.design.relational.FKIndexAssociation" directorySegmentName="seg_0" id="0DB71EE0-95F2-37DC-827B-0B56971F7C64" containerWithKeyObject="EA468ED0-1E9C-2EB1-B1E4-9D6B0B4BF7A0" localFKIndex="6D9BFB8A-568F-6CF8-546A-BBF34B6A79B6" name="Relation_13">
<createdBy>Tim</createdBy>
<createdTime>2016-10-20 04:19:33 UTC</createdTime>
<generatorID>2E26DF2F-EBF4-BA20-B70F-8D83BBFD567E</generatorID>
<ownerDesignName>Rev D</ownerDesignName>
<deleteRule>NO ACTION</deleteRule>
<referredTableID>EA468ED0-1E9C-2EB1-B1E4-9D6B0B4BF7A0</referredTableID>
<keyObject>DF0189E7-E078-E20F-7753-93451184D3D5</keyObject>
<referredKeyID>DF0189E7-E078-E20F-7753-93451184D3D5</referredKeyID>
<mandatory>false</mandatory>
<transferable>true</transferable>
<rely>false</rely>
<columnDependencyConstraintGenerateInDDL>true</columnDependencyConstraintGenerateInDDL>
</FKIndexAssociation>