<?xml version = '1.0' encoding = 'UTF-8'?>
<FKIndexAssociation class="oracle.dbtools.crest.model.design.relational.FKIndexAssociation" directorySegmentName="seg_0" id="17F4C625-5654-15D8-174F-89050409E3A7" containerWithKeyObject="3DA942C0-45E8-FEA1-1E15-BDCF2559171C" localFKIndex="E876F955-6F43-4B6D-5878-335737D49BA3" name="apmt_app_service">
<createdBy>Tim</createdBy>
<createdTime>2016-10-19 23:47:25 UTC</createdTime>
<generatorID>72109CDB-41DB-F7B6-3CAF-B500454F98F8</generatorID>
<ownerDesignName>Rev D</ownerDesignName>
<deleteRule>NO ACTION</deleteRule>
<referredTableID>EA468ED0-1E9C-2EB1-B1E4-9D6B0B4BF7A0</referredTableID>
<keyObject>DF0189E7-E078-E20F-7753-93451184D3D5</keyObject>
<referredKeyID>DF0189E7-E078-E20F-7753-93451184D3D5</referredKeyID>
<mandatory>true</mandatory>
<transferable>true</transferable>
<rely>false</rely>
<columnDependencyConstraintGenerateInDDL>true</columnDependencyConstraintGenerateInDDL>
</FKIndexAssociation>