<?xml version = '1.0' encoding = 'UTF-8'?>
<FKIndexAssociation class="oracle.dbtools.crest.model.design.relational.FKIndexAssociation" directorySegmentName="seg_0" id="1C0ECC63-2D93-6A48-7EFD-40AF9B310120" containerWithKeyObject="EA468ED0-1E9C-2EB1-B1E4-9D6B0B4BF7A0" localFKIndex="E2960C47-8544-C767-8C93-DD987055A95A" name="nurse_appointment">
<createdBy>Tim</createdBy>
<createdTime>2016-10-19 23:47:25 UTC</createdTime>
<generatorID>4D505CE8-BF2D-CD5C-10A2-84636BA0AB21</generatorID>
<ownerDesignName>Rev D</ownerDesignName>
<deleteRule>NO ACTION</deleteRule>
<referredTableID>C195D810-DBD6-9681-E821-82BF05E6B78D</referredTableID>
<keyObject>462D9B65-20E3-C884-3616-68B4DD19F4D5</keyObject>
<referredKeyID>462D9B65-20E3-C884-3616-68B4DD19F4D5</referredKeyID>
<mandatory>true</mandatory>
<transferable>true</transferable>
<rely>false</rely>
<columnDependencyConstraintGenerateInDDL>true</columnDependencyConstraintGenerateInDDL>
</FKIndexAssociation>