<?xml version = '1.0' encoding = 'UTF-8'?>
<FKIndexAssociation class="oracle.dbtools.crest.model.design.relational.FKIndexAssociation" directorySegmentName="seg_0" id="79492F3D-9A60-C743-F4E5-8B216EAC12E2" containerWithKeyObject="A066EC01-8BA3-6624-9E2E-C6914D898139" localFKIndex="A3A0B2D0-BCA1-C4C4-ED0B-80CC139DEBF0" name="provder_provider_service">
<createdBy>Tim</createdBy>
<createdTime>2016-10-19 23:47:25 UTC</createdTime>
<generatorID>C5A6A048-3CDC-A568-471E-CF2D76D982CD</generatorID>
<ownerDesignName>Rev D</ownerDesignName>
<deleteRule>NO ACTION</deleteRule>
<referredTableID>044CB4D2-CEC9-4A23-9B4E-F9B213CD8239</referredTableID>
<keyObject>633E4626-DD89-1563-8314-A99782B542DE</keyObject>
<referredKeyID>633E4626-DD89-1563-8314-A99782B542DE</referredKeyID>
<mandatory>true</mandatory>
<transferable>true</transferable>
<rely>false</rely>
<columnDependencyConstraintGenerateInDDL>true</columnDependencyConstraintGenerateInDDL>
</FKIndexAssociation>