<?xml version = '1.0' encoding = 'UTF-8'?>
<FKIndexAssociation class="oracle.dbtools.crest.model.design.relational.FKIndexAssociation" directorySegmentName="seg_0" id="79827BFB-7A17-3B5C-710B-232293DDFA02" containerWithKeyObject="D12A3CD9-AC4F-99D9-6786-B5EDA082B23E" localFKIndex="0B00227B-9B91-E89C-F9A4-973482911D72" name="insurer_patient">
<createdBy>Tim</createdBy>
<createdTime>2016-10-19 23:47:25 UTC</createdTime>
<generatorID>F66EFD35-E21F-452C-2610-D02756519B75</generatorID>
<ownerDesignName>Rev D</ownerDesignName>
<deleteRule>NO ACTION</deleteRule>
<referredTableID>7A72704E-1C36-0635-79D6-EE26853606B1</referredTableID>
<keyObject>376D01FD-E321-2FCA-299C-8B325BA44B06</keyObject>
<referredKeyID>376D01FD-E321-2FCA-299C-8B325BA44B06</referredKeyID>
<mandatory>false</mandatory>
<transferable>true</transferable>
<rely>false</rely>
<columnDependencyConstraintGenerateInDDL>true</columnDependencyConstraintGenerateInDDL>
</FKIndexAssociation>