<?xml version = '1.0' encoding = 'UTF-8'?>
<FKIndexAssociation class="oracle.dbtools.crest.model.design.relational.FKIndexAssociation" directorySegmentName="seg_0" id="98724B84-DBFF-9353-FAA0-78E851B8D040" containerWithKeyObject="76C2D86D-E8CD-3A38-E141-86AD78E176EE" localFKIndex="DC5E4E05-3FE4-7E21-6F3A-99D8114DC4DD" name="appointment_invoice">
<createdBy>Tim</createdBy>
<createdTime>2016-10-19 23:47:25 UTC</createdTime>
<generatorID>3091E8C2-9681-4F99-DFB6-180757EFE6EB</generatorID>
<ownerDesignName>Rev D</ownerDesignName>
<deleteRule>NO ACTION</deleteRule>
<referredTableID>EA468ED0-1E9C-2EB1-B1E4-9D6B0B4BF7A0</referredTableID>
<keyObject>DF0189E7-E078-E20F-7753-93451184D3D5</keyObject>
<referredKeyID>DF0189E7-E078-E20F-7753-93451184D3D5</referredKeyID>
<mandatory>true</mandatory>
<transferable>true</transferable>
<rely>false</rely>
<columnDependencyConstraintGenerateInDDL>true</columnDependencyConstraintGenerateInDDL>
</FKIndexAssociation>