<?xml version = '1.0' encoding = 'UTF-8'?>
<FKIndexAssociation class="oracle.dbtools.crest.model.design.relational.FKIndexAssociation" directorySegmentName="seg_0" id="A6C58829-9A26-CC5A-C87C-6DBDFBBC3DA4" containerWithKeyObject="36A75DD6-88F6-226C-741B-D104FF3068BD" localFKIndex="049269DC-2C48-14F9-EA0C-9F39DFD1C489" name="spec_nurse_spec">
<createdBy>Tim</createdBy>
<createdTime>2016-10-19 23:47:25 UTC</createdTime>
<generatorID>92A71546-28A4-522E-8110-56B2D21365BF</generatorID>
<ownerDesignName>Rev D</ownerDesignName>
<deleteRule>NO ACTION</deleteRule>
<referredTableID>71116E5A-0C6A-C7DE-B506-AF74DE64DFEF</referredTableID>
<keyObject>0B4762D3-F78D-84D2-3A24-FDAFF90C7713</keyObject>
<referredKeyID>0B4762D3-F78D-84D2-3A24-FDAFF90C7713</referredKeyID>
<mandatory>true</mandatory>
<transferable>true</transferable>
<rely>false</rely>
<columnDependencyConstraintGenerateInDDL>true</columnDependencyConstraintGenerateInDDL>
</FKIndexAssociation>