<?xml version = '1.0' encoding = 'UTF-8'?>
<FKIndexAssociation class="oracle.dbtools.crest.model.design.relational.FKIndexAssociation" directorySegmentName="seg_0" id="AAAEAAF4-5F23-C75C-9F18-A8A9C0AFA6BF" containerWithKeyObject="EA468ED0-1E9C-2EB1-B1E4-9D6B0B4BF7A0" localFKIndex="A6B6DD6B-5030-0C56-7D75-E263B0B0A9C4" name="provider_app">
<createdBy>Tim</createdBy>
<createdTime>2016-10-20 07:48:06 UTC</createdTime>
<generatorID>15FB0A12-2D5A-40EE-8689-C1B0AB08C998</generatorID>
<ownerDesignName>Rev D</ownerDesignName>
<deleteRule>NO ACTION</deleteRule>
<referredTableID>044CB4D2-CEC9-4A23-9B4E-F9B213CD8239</referredTableID>
<keyObject>633E4626-DD89-1563-8314-A99782B542DE</keyObject>
<referredKeyID>633E4626-DD89-1563-8314-A99782B542DE</referredKeyID>
<mandatory>true</mandatory>
<transferable>true</transferable>
<rely>false</rely>
<columnDependencyConstraintGenerateInDDL>true</columnDependencyConstraintGenerateInDDL>
</FKIndexAssociation>