<?xml version = '1.0' encoding = 'UTF-8'?>
<FKIndexAssociation class="oracle.dbtools.crest.model.design.relational.FKIndexAssociation" directorySegmentName="seg_0" id="B4253AD3-7094-D654-6124-0291AB020BD3" containerWithKeyObject="36A75DD6-88F6-226C-741B-D104FF3068BD" localFKIndex="6170C07D-3197-42B8-2A78-3E29C1EE5C6D" name="nurse_nurse_specialisation">
<createdBy>Tim</createdBy>
<createdTime>2016-10-19 23:47:25 UTC</createdTime>
<generatorID>560CEDF1-E16C-1AFE-3CF5-4418C7AAFDB1</generatorID>
<ownerDesignName>Rev D</ownerDesignName>
<deleteRule>NO ACTION</deleteRule>
<referredTableID>C195D810-DBD6-9681-E821-82BF05E6B78D</referredTableID>
<keyObject>462D9B65-20E3-C884-3616-68B4DD19F4D5</keyObject>
<referredKeyID>462D9B65-20E3-C884-3616-68B4DD19F4D5</referredKeyID>
<mandatory>true</mandatory>
<transferable>true</transferable>
<rely>false</rely>
<columnDependencyConstraintGenerateInDDL>true</columnDependencyConstraintGenerateInDDL>
</FKIndexAssociation>