<?xml version = '1.0' encoding = 'UTF-8'?>
<FKIndexAssociation class="oracle.dbtools.crest.model.design.relational.FKIndexAssociation" directorySegmentName="seg_0" id="B50818A3-A422-42D9-FD06-F46C244421F0" containerWithKeyObject="EA468ED0-1E9C-2EB1-B1E4-9D6B0B4BF7A0" localFKIndex="D7CCE929-D285-A703-A0F9-2CE6604053A7" name="patient_appointment">
<createdBy>Tim</createdBy>
<createdTime>2016-10-19 23:47:25 UTC</createdTime>
<generatorID>433D3B09-8C64-45FF-F48D-BC1D9A3417E9</generatorID>
<ownerDesignName>Rev D</ownerDesignName>
<deleteRule>NO ACTION</deleteRule>
<referredTableID>D12A3CD9-AC4F-99D9-6786-B5EDA082B23E</referredTableID>
<keyObject>22E99A15-EB56-D466-B0E1-37C6F222F166</keyObject>
<referredKeyID>22E99A15-EB56-D466-B0E1-37C6F222F166</referredKeyID>
<mandatory>true</mandatory>
<transferable>true</transferable>
<rely>false</rely>
<columnDependencyConstraintGenerateInDDL>true</columnDependencyConstraintGenerateInDDL>
</FKIndexAssociation>