<?xml version = '1.0' encoding = 'UTF-8'?>
<FKIndexAssociation class="oracle.dbtools.crest.model.design.relational.FKIndexAssociation" directorySegmentName="seg_0" id="BDF289B8-063A-2E9B-6356-2BCD068CC872" containerWithKeyObject="044CB4D2-CEC9-4A23-9B4E-F9B213CD8239" localFKIndex="37329595-E2D1-DA8A-4714-E8812E87EBA6" name="provider_provider_type">
<createdBy>Tim</createdBy>
<createdTime>2016-10-19 23:47:25 UTC</createdTime>
<generatorID>008B5BEF-8683-1289-5849-AE072E639AAA</generatorID>
<ownerDesignName>Rev D</ownerDesignName>
<deleteRule>NO ACTION</deleteRule>
<referredTableID>B2EE9FD9-EB03-011B-BE61-E5488FC07477</referredTableID>
<keyObject>A086D6AC-8A3F-E81D-B593-BF4969E4F375</keyObject>
<referredKeyID>A086D6AC-8A3F-E81D-B593-BF4969E4F375</referredKeyID>
<mandatory>true</mandatory>
<transferable>true</transferable>
<rely>false</rely>
<columnDependencyConstraintGenerateInDDL>true</columnDependencyConstraintGenerateInDDL>
</FKIndexAssociation>