<?xml version = '1.0' encoding = 'UTF-8'?>
<FKIndexAssociation class="oracle.dbtools.crest.model.design.relational.FKIndexAssociation" directorySegmentName="seg_0" id="CBC00ACB-AC4D-8CF0-8CD2-349960A12A45" containerWithKeyObject="A066EC01-8BA3-6624-9E2E-C6914D898139" localFKIndex="4AEF8137-0018-C602-5F0E-8BCFB43F7FDD" name="service_provider_service">
<createdBy>Tim</createdBy>
<createdTime>2016-10-19 23:47:25 UTC</createdTime>
<generatorID>7334F002-21AC-6DBC-ED47-C350EAEC70EC</generatorID>
<ownerDesignName>Rev D</ownerDesignName>
<deleteRule>NO ACTION</deleteRule>
<referredTableID>39008AA4-C196-3AAA-77AB-16E5953A17F1</referredTableID>
<keyObject>40D84E87-A435-03A5-1DFB-E0E90327F754</keyObject>
<referredKeyID>40D84E87-A435-03A5-1DFB-E0E90327F754</referredKeyID>
<mandatory>true</mandatory>
<transferable>true</transferable>
<rely>false</rely>
<columnDependencyConstraintGenerateInDDL>true</columnDependencyConstraintGenerateInDDL>
</FKIndexAssociation>