<?xml version = '1.0' encoding = 'UTF-8'?>
<FKIndexAssociation class="oracle.dbtools.crest.model.design.relational.FKIndexAssociation" directorySegmentName="seg_0" id="F8143E65-83FF-D5ED-0C5D-1732CD98D3FB" containerWithKeyObject="3DA942C0-45E8-FEA1-1E15-BDCF2559171C" localFKIndex="2E28CAE2-CBAD-51AE-8134-98CEC5759C54" name="service_app_service">
<createdBy>Tim</createdBy>
<createdTime>2016-10-19 23:47:25 UTC</createdTime>
<generatorID>E060DD93-61BC-A63A-C2D0-FB12E31F3C9C</generatorID>
<ownerDesignName>Rev D</ownerDesignName>
<deleteRule>NO ACTION</deleteRule>
<referredTableID>39008AA4-C196-3AAA-77AB-16E5953A17F1</referredTableID>
<keyObject>40D84E87-A435-03A5-1DFB-E0E90327F754</keyObject>
<referredKeyID>40D84E87-A435-03A5-1DFB-E0E90327F754</referredKeyID>
<mandatory>true</mandatory>
<transferable>true</transferable>
<rely>false</rely>
<columnDependencyConstraintGenerateInDDL>true</columnDependencyConstraintGenerateInDDL>
</FKIndexAssociation>