<?xml version = '1.0' encoding = 'UTF-8'?>
<Relation class="oracle.dbtools.crest.model.design.logical.Relation" name="provider_provider_type" directorySegmentName="seg_0" id="008B5BEF-8683-1289-5849-AE072E639AAA">
<createdBy>Tim</createdBy>
<createdTime>2016-10-19 23:18:24 UTC</createdTime>
<ownerDesignName>Rev D</ownerDesignName>
<engineerTo>
<item key="2A42D850-9DF4-78B6-CB0C-7E548DB33D7A" value="true"/>
</engineerTo>
<sourcePk>5AE76519-A1B8-0EE0-3201-687D876C2ED9</sourcePk>
<identifying>false</identifying>
<nameOnSource>held by</nameOnSource>
<nameOnTarget>is a</nameOnTarget>
<optionalSource>true</optionalSource>
<optionalTarget>false</optionalTarget>
<sourceCardinality>1</sourceCardinality>
<sourceEntity>21A7C165-8599-D31C-BD0D-2CE16FDF90D7</sourceEntity>
<targetCardinalityString>*</targetCardinalityString>
<targetEntity>B3904DCC-2A92-CEF6-09D0-1E5945931205</targetEntity>
<transferable>true</transferable>
<deleteRule>NO ACTION</deleteRule>
</Relation>