<?xml version = '1.0' encoding = 'UTF-8'?>
<Relation class="oracle.dbtools.crest.model.design.logical.Relation" name="provider_app" directorySegmentName="seg_0" id="15FB0A12-2D5A-40EE-8689-C1B0AB08C998">
<createdBy>Tim</createdBy>
<createdTime>2016-10-20 07:47:06 UTC</createdTime>
<ownerDesignName>Rev D</ownerDesignName>
<engineerTo>
<item key="2A42D850-9DF4-78B6-CB0C-7E548DB33D7A" value="true"/>
</engineerTo>
<sourcePk>E15EF932-EF35-0A2B-F281-73E7AA707200</sourcePk>
<identifying>false</identifying>
<nameOnSource>booked for</nameOnSource>
<nameOnTarget>has</nameOnTarget>
<optionalSource>true</optionalSource>
<optionalTarget>false</optionalTarget>
<sourceCardinality>1</sourceCardinality>
<sourceEntity>B3904DCC-2A92-CEF6-09D0-1E5945931205</sourceEntity>
<targetCardinalityString>*</targetCardinalityString>
<targetEntity>51EBA143-51FA-2482-8907-6C1A1B3A4271</targetEntity>
<transferable>true</transferable>
<deleteRule>NO ACTION</deleteRule>
</Relation>