<?xml version = '1.0' encoding = 'UTF-8'?>
<Relation class="oracle.dbtools.crest.model.design.logical.Relation" name="Relation_13" directorySegmentName="seg_0" id="2E26DF2F-EBF4-BA20-B70F-8D83BBFD567E">
<createdBy>Tim</createdBy>
<createdTime>2016-10-20 03:22:06 UTC</createdTime>
<ownerDesignName>Rev D</ownerDesignName>
<engineerTo>
<item key="2A42D850-9DF4-78B6-CB0C-7E548DB33D7A" value="true"/>
</engineerTo>
<targetPk>FDF1217C-6AF0-3A09-A603-ADB597CB1DDF</targetPk>
<identifying>false</identifying>
<nameOnSource>follows</nameOnSource>
<nameOnTarget>followed from</nameOnTarget>
<optionalSource>true</optionalSource>
<optionalTarget>true</optionalTarget>
<sourceCardinality>1</sourceCardinality>
<sourceEntity>51EBA143-51FA-2482-8907-6C1A1B3A4271</sourceEntity>
<targetCardinalityString>1</targetCardinalityString>
<targetEntity>51EBA143-51FA-2482-8907-6C1A1B3A4271</targetEntity>
<transferable>true</transferable>
<deleteRule>NO ACTION</deleteRule>
</Relation>