<?xml version = '1.0' encoding = 'UTF-8'?>
<Relation class="oracle.dbtools.crest.model.design.logical.Relation" name="appointment_invoice" directorySegmentName="seg_0" id="3091E8C2-9681-4F99-DFB6-180757EFE6EB">
<createdBy>Tim</createdBy>
<createdTime>2016-10-19 23:38:11 UTC</createdTime>
<ownerDesignName>Rev D</ownerDesignName>
<engineerTo>
<item key="2A42D850-9DF4-78B6-CB0C-7E548DB33D7A" value="true"/>
</engineerTo>
<sourcePk>FDF1217C-6AF0-3A09-A603-ADB597CB1DDF</sourcePk>
<identifying>false</identifying>
<nameOnSource>generates</nameOnSource>
<nameOnTarget>is for</nameOnTarget>
<optionalSource>true</optionalSource>
<optionalTarget>false</optionalTarget>
<sourceCardinality>1</sourceCardinality>
<sourceEntity>51EBA143-51FA-2482-8907-6C1A1B3A4271</sourceEntity>
<targetCardinalityString>*</targetCardinalityString>
<targetEntity>FBF3BB38-64C9-E83E-BE06-3F8C25D26F84</targetEntity>
<transferable>true</transferable>
<deleteRule>NO ACTION</deleteRule>
</Relation>