<?xml version = '1.0' encoding = 'UTF-8'?>
<Relation class="oracle.dbtools.crest.model.design.logical.Relation" name="patient_appointment" directorySegmentName="seg_0" id="433D3B09-8C64-45FF-F48D-BC1D9A3417E9">
<createdBy>Tim</createdBy>
<createdTime>2016-10-19 23:34:55 UTC</createdTime>
<ownerDesignName>Rev D</ownerDesignName>
<engineerTo>
<item key="2A42D850-9DF4-78B6-CB0C-7E548DB33D7A" value="true"/>
</engineerTo>
<sourcePk>4EC3A693-6863-D332-4278-8278F1DF7708</sourcePk>
<identifying>false</identifying>
<nameOnSource>has</nameOnSource>
<nameOnTarget>is for</nameOnTarget>
<optionalSource>true</optionalSource>
<optionalTarget>false</optionalTarget>
<sourceCardinality>1</sourceCardinality>
<sourceEntity>F1266031-4B22-A8E3-D854-70AE1763B10F</sourceEntity>
<targetCardinalityString>*</targetCardinalityString>
<targetEntity>51EBA143-51FA-2482-8907-6C1A1B3A4271</targetEntity>
<transferable>true</transferable>
<deleteRule>NO ACTION</deleteRule>
</Relation>