<?xml version = '1.0' encoding = 'UTF-8'?>
<Relation class="oracle.dbtools.crest.model.design.logical.Relation" name="nurse_appointment" directorySegmentName="seg_0" id="4D505CE8-BF2D-CD5C-10A2-84636BA0AB21">
<createdBy>Tim</createdBy>
<createdTime>2016-10-19 23:31:15 UTC</createdTime>
<ownerDesignName>Rev D</ownerDesignName>
<engineerTo>
<item key="2A42D850-9DF4-78B6-CB0C-7E548DB33D7A" value="true"/>
</engineerTo>
<sourcePk>899E8387-A1B0-3707-F9D8-E75C4F6EEAFD</sourcePk>
<identifying>false</identifying>
<nameOnSource>assigned to </nameOnSource>
<nameOnTarget>has assigned</nameOnTarget>
<optionalSource>true</optionalSource>
<optionalTarget>false</optionalTarget>
<sourceCardinality>1</sourceCardinality>
<sourceEntity>F3253686-8649-3881-4FEE-3BB92AC3983B</sourceEntity>
<targetCardinalityString>*</targetCardinalityString>
<targetEntity>51EBA143-51FA-2482-8907-6C1A1B3A4271</targetEntity>
<transferable>true</transferable>
<deleteRule>NO ACTION</deleteRule>
</Relation>