<?xml version = '1.0' encoding = 'UTF-8'?>
<Relation class="oracle.dbtools.crest.model.design.logical.Relation" name="nurse_nurse_specialisation" directorySegmentName="seg_0" id="560CEDF1-E16C-1AFE-3CF5-4418C7AAFDB1">
<createdBy>Tim</createdBy>
<createdTime>2016-10-19 23:33:03 UTC</createdTime>
<ownerDesignName>Rev D</ownerDesignName>
<engineerTo>
<item key="2A42D850-9DF4-78B6-CB0C-7E548DB33D7A" value="true"/>
</engineerTo>
<sourcePk>899E8387-A1B0-3707-F9D8-E75C4F6EEAFD</sourcePk>
<identifying>true</identifying>
<nameOnSource>has</nameOnSource>
<nameOnTarget>is for</nameOnTarget>
<optionalSource>true</optionalSource>
<optionalTarget>false</optionalTarget>
<sourceCardinality>1</sourceCardinality>
<sourceEntity>F3253686-8649-3881-4FEE-3BB92AC3983B</sourceEntity>
<targetCardinalityString>*</targetCardinalityString>
<targetEntity>8130CC7B-6A3D-85A7-8ED5-D29242F517CA</targetEntity>
<transferable>true</transferable>
<deleteRule>NO ACTION</deleteRule>
</Relation>