<?xml version = '1.0' encoding = 'UTF-8'?>
<Relation class="oracle.dbtools.crest.model.design.logical.Relation" name="apmt_app_service" directorySegmentName="seg_0" id="72109CDB-41DB-F7B6-3CAF-B500454F98F8">
<createdBy>Tim</createdBy>
<createdTime>2016-10-19 23:29:05 UTC</createdTime>
<ownerDesignName>Rev D</ownerDesignName>
<engineerTo>
<item key="2A42D850-9DF4-78B6-CB0C-7E548DB33D7A" value="true"/>
</engineerTo>
<sourcePk>FDF1217C-6AF0-3A09-A603-ADB597CB1DDF</sourcePk>
<identifying>true</identifying>
<nameOnSource>has</nameOnSource>
<nameOnTarget>is for</nameOnTarget>
<optionalSource>true</optionalSource>
<optionalTarget>false</optionalTarget>
<sourceCardinality>1</sourceCardinality>
<sourceEntity>51EBA143-51FA-2482-8907-6C1A1B3A4271</sourceEntity>
<targetCardinalityString>*</targetCardinalityString>
<targetEntity>2E36C946-B3F7-B55B-2BA6-B81D9FF68355</targetEntity>
<transferable>true</transferable>
<deleteRule>NO ACTION</deleteRule>
</Relation>