<?xml version = '1.0' encoding = 'UTF-8'?>
<Relation class="oracle.dbtools.crest.model.design.logical.Relation" name="service_provider_service" directorySegmentName="seg_0" id="7334F002-21AC-6DBC-ED47-C350EAEC70EC">
<createdBy>Tim</createdBy>
<createdTime>2016-10-19 23:15:12 UTC</createdTime>
<ownerDesignName>Rev D</ownerDesignName>
<engineerTo>
<item key="2A42D850-9DF4-78B6-CB0C-7E548DB33D7A" value="true"/>
</engineerTo>
<sourcePk>935BAAA0-3F26-EB2D-0ED0-CCE249D323D6</sourcePk>
<identifying>true</identifying>
<nameOnSource>provided by</nameOnSource>
<nameOnTarget>provides</nameOnTarget>
<optionalSource>true</optionalSource>
<optionalTarget>false</optionalTarget>
<sourceCardinality>1</sourceCardinality>
<sourceEntity>5AB2FEF3-9791-1A21-DF5D-4D9D6A5FFD93</sourceEntity>
<targetCardinalityString>*</targetCardinalityString>
<targetEntity>B31EF3D0-9CAB-5002-0AAF-845CFB02CD7B</targetEntity>
<transferable>true</transferable>
<deleteRule>NO ACTION</deleteRule>
</Relation>