<?xml version = '1.0' encoding = 'UTF-8'?>
<Relation class="oracle.dbtools.crest.model.design.logical.Relation" name="spec_nurse_spec" directorySegmentName="seg_0" id="92A71546-28A4-522E-8110-56B2D21365BF">
<createdBy>Tim</createdBy>
<createdTime>2016-10-19 23:33:43 UTC</createdTime>
<ownerDesignName>Rev D</ownerDesignName>
<engineerTo>
<item key="2A42D850-9DF4-78B6-CB0C-7E548DB33D7A" value="true"/>
</engineerTo>
<sourcePk>6FBA5BC2-C2A1-5EEA-700F-2BCFBF79F507</sourcePk>
<identifying>true</identifying>
<nameOnSource>held by</nameOnSource>
<nameOnTarget>is for</nameOnTarget>
<optionalSource>true</optionalSource>
<optionalTarget>false</optionalTarget>
<sourceCardinality>1</sourceCardinality>
<sourceEntity>5C83118B-FB1D-B18E-400E-A27063635E51</sourceEntity>
<targetCardinalityString>*</targetCardinalityString>
<targetEntity>8130CC7B-6A3D-85A7-8ED5-D29242F517CA</targetEntity>
<transferable>true</transferable>
<deleteRule>NO ACTION</deleteRule>
</Relation>