<?xml version = '1.0' encoding = 'UTF-8'?>
<Relation class="oracle.dbtools.crest.model.design.logical.Relation" name="provder_provider_service" directorySegmentName="seg_0" id="C5A6A048-3CDC-A568-471E-CF2D76D982CD">
<createdBy>Tim</createdBy>
<createdTime>2016-10-19 23:17:02 UTC</createdTime>
<ownerDesignName>Rev D</ownerDesignName>
<engineerTo>
<item key="2A42D850-9DF4-78B6-CB0C-7E548DB33D7A" value="true"/>
</engineerTo>
<sourcePk>E15EF932-EF35-0A2B-F281-73E7AA707200</sourcePk>
<identifying>true</identifying>
<nameOnSource>provides</nameOnSource>
<nameOnTarget>provided by</nameOnTarget>
<optionalSource>true</optionalSource>
<optionalTarget>false</optionalTarget>
<sourceCardinality>1</sourceCardinality>
<sourceEntity>B3904DCC-2A92-CEF6-09D0-1E5945931205</sourceEntity>
<targetCardinalityString>*</targetCardinalityString>
<targetEntity>B31EF3D0-9CAB-5002-0AAF-845CFB02CD7B</targetEntity>
<transferable>true</transferable>
<deleteRule>NO ACTION</deleteRule>
</Relation>