<?xml version = '1.0' encoding = 'UTF-8'?>
<Relation class="oracle.dbtools.crest.model.design.logical.Relation" name="service_app_service" directorySegmentName="seg_0" id="E060DD93-61BC-A63A-C2D0-FB12E31F3C9C">
<createdBy>Tim</createdBy>
<createdTime>2016-10-19 23:26:17 UTC</createdTime>
<ownerDesignName>Rev D</ownerDesignName>
<engineerTo>
<item key="2A42D850-9DF4-78B6-CB0C-7E548DB33D7A" value="true"/>
</engineerTo>
<sourcePk>935BAAA0-3F26-EB2D-0ED0-CCE249D323D6</sourcePk>
<identifying>true</identifying>
<nameOnSource>provided in</nameOnSource>
<nameOnTarget>is for</nameOnTarget>
<optionalSource>true</optionalSource>
<optionalTarget>false</optionalTarget>
<sourceCardinality>1</sourceCardinality>
<sourceEntity>5AB2FEF3-9791-1A21-DF5D-4D9D6A5FFD93</sourceEntity>
<targetCardinalityString>*</targetCardinalityString>
<targetEntity>2E36C946-B3F7-B55B-2BA6-B81D9FF68355</targetEntity>
<transferable>true</transferable>
<deleteRule>NO ACTION</deleteRule>
</Relation>