<?xml version = '1.0' encoding = 'UTF-8'?>
<Relation class="oracle.dbtools.crest.model.design.logical.Relation" name="insurer_patient" directorySegmentName="seg_0" id="F66EFD35-E21F-452C-2610-D02756519B75">
<createdBy>Tim</createdBy>
<createdTime>2016-10-19 23:39:08 UTC</createdTime>
<ownerDesignName>Rev D</ownerDesignName>
<engineerTo>
<item key="2A42D850-9DF4-78B6-CB0C-7E548DB33D7A" value="true"/>
</engineerTo>
<sourcePk>887C188D-220E-BE80-7B6F-DD4D449C4CD0</sourcePk>
<identifying>false</identifying>
<nameOnSource>insures</nameOnSource>
<nameOnTarget>insured by</nameOnTarget>
<optionalSource>true</optionalSource>
<optionalTarget>true</optionalTarget>
<sourceCardinality>1</sourceCardinality>
<sourceEntity>2871F80A-690B-0798-9EE0-38EAF77EA897</sourceEntity>
<targetCardinalityString>*</targetCardinalityString>
<targetEntity>F1266031-4B22-A8E3-D854-70AE1763B10F</targetEntity>
<transferable>true</transferable>
<deleteRule>NO ACTION</deleteRule>
</Relation>